Sample number,X1,X2,X3,X4,Y
,9.1,1.3,1.1,1,108.9
1.0,2777327.7846966665,2952859.4511216898,3114843.210959453,3226343.3056273833,2413576.120332148
2.0,2559459.947913186,2787204.9301150423,2968920.6174165606,3231222.549986924,2228159.7589814942
3.0,2431041.49691284,2707081.8836403675,2873576.8263390115,3099823.3894186043,2153720.906917058
4.0,2830153.088525269,3091229.365712295,3291966.722302537,3386440.3524573576,2517555.866843528
5.0,2488758.773297271,2739070.181363376,2843742.3241126165,3050427.687642302,2210326.1772004575
6.0,2717175.898258005,2834573.817114221,2947777.5701699965,3032140.5113710435,2438662.8215184966
7.0,2722044.9173986763,2875568.933278798,3043772.811474388,3142253.2125348425,2437107.2791220215
8.0,2538089.899336877,2779893.7144977334,3003324.0326439175,3178077.186362403,2313235.231243946
9.0,2817720.9535960862,3046657.4584602322,3183826.157223963,3399254.144575329,2472612.027290363
10.0,2779164.550953664,2961133.6526275505,3092004.000750698,3207985.8401747816,2414489.5488386876
11.0,2758338.070144112,2992327.438584809,3153393.7667887807,3186069.294555309,2459562.8095611995
12.0,2674551.2493722215,2822301.524426193,2926761.167987421,3045471.8448841716,2406908.634746338
13.0,2599705.034695886,2836819.513618632,3021366.9084841115,3285291.259602634,2357308.234340084
14.0,2692996.709170326,2872084.208111592,3023318.8780889986,3128879.591698761,2367518.336923452
15.0,2637411.331818791,2810276.196668976,2972236.433073945,3129196.177078119,2357630.49809965
16.0,2765006.819284295,3014406.2882906273,3201571.9624733464,3374119.2387694567,2457285.129710042
17.0,2494139.9715909124,2762574.5398983113,2918577.6918957313,3187761.941865707,2208252.1113514532
18.0,2651931.841385036,2774424.9985270845,2906751.948050238,2996014.9172843127,2380486.6484123315
19.0,2795672.38350959,2948808.3511367207,3051564.3006334966,3117960.9284615014,2501045.633833295
20.0,2971768.390036064,3179907.7294092453,3344756.3249443374,3490388.211726253,2670591.057219123
21.0,2731597.405315729,2855963.098394539,2965373.3353205086,3073453.421717504,2366371.067584249
22.0,2678375.638289885,2827439.655413257,2929230.376971494,3049330.6020659013,2365899.3465563236
23.0,2692331.7282668017,2856339.0777008436,2970772.668019894,3063105.9516655724,2425561.79826374
24.0,2457138.290206568,2657452.4703415344,2866640.1404864946,3021714.0744295856,2199161.547547731
25.0,2793057.8289528387,3011610.9199079056,3256455.388692937,3339512.5611863523,2504254.9765701485
26.0,2751250.138567961,2953430.129597359,3129220.281957336,3390111.576699204,2414909.4555744855
27.0,2575020.8851978253,2744636.632107423,2879210.3767718673,2981698.7780525563,2334841.858240972
28.0,2783135.3125643525,2941834.0444883932,3052349.291711789,3099393.7961163,2486646.646701776
29.0,2667156.7213818477,2876401.51982889,3020316.597789659,3165438.295154155,2373130.0699409805
30.0,2949061.5559756253,3160938.9231503983,3266451.7465427853,3445108.4137780657,2648228.386940767
31.0,2805566.497886483,3063575.4783953866,3204683.119608919,3426124.0848091585,2491370.644199676
32.0,2493751.6846101386,2734003.406815128,2885265.484310277,3032965.747727928,2268214.7008229513
33.0,2676394.009213513,2930473.798702724,3090384.965638839,3313045.8871670105,2375044.4113641838
34.0,2787853.8181730527,2973411.9484808487,3155525.91908265,3231020.26202428,2504231.5514809354
35.0,2561337.542638138,2781310.7890469716,2918607.4685349236,3119452.9659280423,2313075.0700646965
36.0,2885814.5985515015,3116708.053453905,3295509.5941848177,3337887.5475146333,2572791.3792822706
37.0,2615035.936868724,2809251.401808716,2994326.39445258,3127362.613583627,2358957.600008231
38.0,2737774.798019032,2953227.4011287186,3061435.787311624,3128868.633701073,2442622.922870695
39.0,2681641.4970518807,2850947.3616804974,2990571.131333474,3057223.057523181,2287390.8874508305
40.0,2768106.801442561,2944733.6758470912,3093909.365058724,3212738.671420283,2362248.1206196835
41.0,2686843.5609566914,2836897.718844607,2987748.2111422503,3074155.297184604,2423289.591163441
42.0,2482746.943413595,2638467.9932313273,2739364.6009096284,2858432.3518709047,2188943.248177328
43.0,2761222.135384455,2886359.0108205173,3022339.277742886,3115727.7517049885,2462575.371431721
44.0,2830486.92461575,3054071.7895179163,3245873.1616494977,3355607.6613654625,2517813.791823418
45.0,2454675.636293553,2700883.4775145347,2824442.827325335,2998469.3648609663,2179540.2295230846
46.0,2469293.135403462,2652372.6460265224,2817218.22259708,2905452.7855069097,2251372.857651038
47.0,2582565.5564423664,2708528.497735404,2784041.326508653,2848142.0305784936,2290775.131878478
48.0,2821410.487252685,3025602.6686521387,3187275.6724380446,3231493.899532115,2517771.651456036
49.0,2766380.0053877546,2992744.7031461457,3104853.516003743,3328112.6541889575,2483386.5302709052
50.0,2436337.4854585137,2633804.068500227,2793613.975627846,2954212.9530309737,2129917.9070451097
51.0,2514379.53012736,2702732.176151279,2866264.4123947704,2972986.2559078997,2267281.9841667823
52.0,2747230.1139001665,2906664.648790926,3028799.6057988945,3159138.7220527125,2423639.3047930044
53.0,2673531.8516427567,2791553.3004807224,2890117.6233053994,3012093.777865721,2315874.972115353
54.0,2269966.28872406,2443327.6453388054,2565989.5331665725,2706858.9894794407,1991184.6636578145
55.0,2733926.5915046446,2943211.9772729557,3058203.0939231054,3190924.729577572,2434217.075399865
56.0,2596306.3432214176,2852063.7131659305,3000121.3022585404,3255542.8809652543,2325086.340539749
57.0,2780169.597532544,2916531.5228255545,3082479.439707794,3142257.917941258,2492208.7169196983
58.0,3038529.1384294955,3247207.077136873,3438608.2682681647,3499532.0808435036,2673496.5806347392
59.0,2961287.609538943,3227486.277369317,3348343.3257485433,3466617.0204928853,2637451.061236314
60.0,2661088.3415316497,2892740.2662022915,3049004.657937108,3204826.3151145745,2422317.4524117485
61.0,2419464.46452226,2583066.315525239,2743345.226550454,2900537.951681302,2137159.6577528236
62.0,2977874.976052703,3135285.495952213,3363166.094508715,3450316.6095835874,2565336.280077855
63.0,2698377.9068578337,2924991.848968541,3048481.0827233936,3258459.077317079,2332998.1043826276
64.0,2588426.968309456,2797882.2225954058,3012158.151157904,3172962.967429831,2333061.25512619
65.0,2777335.8897377853,2933171.0142866857,3117533.334605984,3143724.7430056776,2422683.1931037535
66.0,2650136.045218542,2837169.8667428917,3005654.5552834324,3193835.3537501213,2375731.674540142
67.0,2769545.188745011,2960747.101306106,3175394.8993009445,3326152.1359375683,2433622.9362137355
68.0,2735414.8451627977,2985073.170100325,3194220.3060681284,3359490.9172657114,2495253.681101334
69.0,2804357.0919977,2976502.6455983086,3152136.4563056347,3271149.0657516513,2499478.4497837108
70.0,2451107.3265193044,2700172.9365664106,2863877.822406212,3043175.0834085345,2196657.853333885
71.0,2553542.6237482065,2719458.87833176,2821239.580796029,2960908.9139892096,2248292.719808876
72.0,2599540.237594863,2839064.1172948442,2946773.6920396257,3116175.298898047,2310718.4107076456
73.0,2717883.01560891,2920728.687879911,3094673.837391136,3179753.2844245927,2389680.4917983445
74.0,2567133.542402769,2757092.9024662306,2884664.3682899615,3066802.5766244903,2295141.198211931
75.0,2663665.896507783,2848762.833325129,3056007.4050516575,3255627.0839463016,2380092.4144970393
76.0,2806540.660690485,2989833.234919976,3162665.062846671,3254193.1327495296,2500109.5533644427
77.0,2663976.943597455,2835317.079009218,2999551.4663571846,3089106.571484696,2331673.172514365
78.0,2456915.560035849,2681794.2344562802,2882584.426867003,3038740.7279013707,2240953.2019933527
79.0,2513737.6752514057,2641993.5091601545,2746269.139214254,2842487.002520049,2242990.3040756076
80.0,2735280.851738548,2911998.073013292,3108828.3658780907,3136059.382090157,2458188.2875954635
81.0,2362211.2108702064,2591200.295143349,2739064.6490269895,2982403.2231756365,2162989.657869658
82.0,2715565.4301085677,2951272.7587183327,3165261.4377251714,3255732.7949676514,2438008.6991801555
83.0,2815453.5716519477,2981706.422953757,3079002.2331789094,3198824.5800875775,2487048.6274154703
84.0,2710194.813768527,2830365.5826671715,2917630.2625564374,3015786.6815812523,2404102.137957805
85.0,2686146.040220858,2852311.24248764,2955174.0196624496,3090010.921134982,2368321.349388611
86.0,2688009.6840039636,2820609.5978605547,2952934.988574999,3004683.7299152226,2412890.014567833
87.0,2821782.8372766837,3023383.2991316314,3197248.8203418422,3367574.115240493,2419449.792824284
88.0,2716605.080952136,2923936.3317401404,3060673.398790116,3160178.935472703,2421614.310391018
89.0,2707500.107734278,2922432.2183070984,3028942.647997248,3198812.945600161,2433564.1581235854
90.0,2723099.837450494,2881213.859910573,3031756.0815452747,3102804.792816608,2452812.4720918387
91.0,2744699.668264267,2941944.361623365,3029326.4751981203,3283279.350377887,2450102.801624168
92.0,2824557.918765353,3017841.29778156,3256903.509795107,3372850.486168055,2476597.421949159
93.0,2571284.032128637,2865464.4244170072,3008100.773226641,3267140.243951263,2279144.3845282546
94.0,2790382.788413411,3061349.963269526,3229291.95498838,3455944.59429697,2477099.234383115
95.0,2676751.5371461264,2816998.8093633377,2916632.184378422,2985305.9733946244,2404635.3590221987
96.0,2538370.446982228,2696449.57373362,2860890.3229901544,2949736.475048179,2230820.240163799
97.0,2787453.8255271567,2944406.147265497,3055551.4252816024,3136052.689534732,2506792.791577403
98.0,2481046.0323426654,2661215.6061778325,2821388.4545046655,2977964.909449605,2176317.723813194
99.0,2353241.1125722714,2504628.480992446,2656172.986642124,2780313.5019507,2015673.6997226633
100.0,2635548.9983181437,2758495.9859337816,2850388.0659100087,2961442.6106548496,2332329.2896478674
101.0,2529800.4629577547,2697704.0504848347,2884050.525774934,2998863.5979368016,2248158.7660571667
102.0,2506397.371980606,2778665.923939978,2931312.365917079,3051634.4086975325,2280346.2075924007
103.0,2844670.6202918747,3066857.624091552,3281751.9039637647,3352925.6747983955,2496643.0397893135
104.0,2838826.0283977827,2994943.535721634,3182861.676460484,3302364.1561031817,2503009.761744095
105.0,2707130.766484573,2876497.9014170174,3008742.373399983,3048114.7106545004,2312443.306203264
106.0,2726006.675139931,2891411.1933101555,3073252.939542133,3124471.369677908,2296799.772346693
107.0,2402167.6593238027,2536653.262185548,2716689.7573728766,2786582.6068590377,2090800.8702404525
108.0,2746147.546319121,2879069.053028269,2946845.226626538,3007901.7799571166,2456217.0461798455
109.0,2497588.426255071,2629034.3269537487,2796335.306759268,2846551.8957591546,2180159.6591518684
110.0,2559342.980968468,2803522.2791498792,2947733.8095740406,3063202.718619285,2275305.7342890096
111.0,2623586.3804265675,2786153.911569007,2936104.956007173,2979426.9421607153,2285134.711975044
112.0,2469606.580771562,2627906.8054166823,2774636.9818128464,2865277.954613255,2210086.5273566623
113.0,2525552.8502466995,2732998.271779961,2913423.537997543,3043786.873181628,2156932.7585309613
114.0,2736082.2009577756,2936692.414312489,3088918.6045614616,3229824.9862273824,2369475.519773479
115.0,2831449.4178228313,2963601.753575682,3063572.039699288,3163108.1043594405,2502792.0059335395
116.0,2640041.644108105,2833350.026053822,3009939.0953761917,3065946.987905603,2368456.642632376
117.0,2591221.0957276784,2726741.5572967674,2816809.3082404574,2871793.4806078793,2313369.1859067455
118.0,2671260.279384828,2909976.044896891,3085937.7526203357,3293496.4284918443,2392243.636488904
119.0,2846296.91048966,2961186.7812419683,3078844.6486112988,3144684.479684191,2548472.149711652
120.0,2816856.4786109566,2989868.8417388075,3140000.730881077,3196635.4036197504,2533067.468922328
121.0,2647188.227754083,2857657.4137111916,3046757.8819269105,3242041.9895363734,2372363.0665279324
122.0,2638115.0515422854,2824953.414952535,2991611.7518588677,3187722.6829808694,2310876.999497435
123.0,2537428.7311804774,2717374.1594194337,2860625.7190061617,2966611.435135988,2268472.998657106
124.0,2586364.4809967126,2767456.458413654,2906874.0004811147,3024701.7654092843,2311544.767406923
125.0,2577547.4332580194,2747203.8796496987,2882984.7174313674,3016298.923087188,2267957.675043209
126.0,2759083.2174104815,2987917.0478488356,3127507.1040022043,3274242.4636046947,2482111.8652091827
127.0,2584284.9202262075,2741657.918558737,2912638.70284091,2944074.0292361975,2250867.4518842557
128.0,2855080.158553209,3071533.085705149,3238240.7710497524,3339069.469574291,2542367.381780835
129.0,2345232.6410020045,2537114.308192451,2716690.454039884,2866878.431940412,2096420.3774649098
130.0,2521017.543099612,2762816.432451041,2895902.729285977,3003642.7226802623,2304283.074423779
131.0,2560934.990767454,2769461.6885707313,2911554.3110462753,3106300.9499612143,2300740.6895324658
132.0,2410212.903662675,2643957.0586036835,2806880.9010181697,3024111.5673807147,2206074.4464374646
133.0,2826408.1302994513,3003468.725675046,3136735.7780176224,3207796.47241324,2457635.6150263506
134.0,2746238.185230436,2947039.1124788714,3069921.039544159,3287582.470068105,2376947.9737548926
135.0,2602983.887637883,2765229.8346422384,2869334.4303866373,2948864.3886183635,2349726.725558396
136.0,2671351.717433536,2842528.971411011,2996451.720621375,3166109.02974276,2316581.9855219596
137.0,2901827.76252786,3093570.9028010494,3232896.7055563047,3342709.4180294797,2587255.1979547003
138.0,2748314.0793838403,2928105.236340716,3115705.411996357,3236774.5521174474,2467413.952730025
139.0,2388210.119241953,2599031.2653029948,2778539.733419541,2918343.453437735,2085357.3129691572
140.0,2829763.786330344,2976372.7070004493,3096143.8746291753,3180778.7765162033,2540181.963935428
141.0,2472990.6887249127,2703005.6951374407,2832432.1111290334,3053012.3428695085,2249524.0606149677
142.0,2697449.787417923,2988557.952005303,3111146.2067266586,3340367.1466650437,2395195.533714031
143.0,2989674.168388927,3195621.0070495172,3394868.655968074,3458406.3653574297,2629147.341338345
144.0,2679890.8265366717,2841183.7549512815,2940091.8197317105,3014604.612291631,2395403.299952876
145.0,2540325.9468143247,2626408.9096253645,2704034.2710055034,2785057.368025714,2272024.599832628
146.0,2615610.1335937814,2737432.5487576355,2814828.316976384,2895740.970839478,2269814.81507771
147.0,2769218.35783872,2969647.2597920634,3100257.269464993,3215942.061546391,2503232.2311696303
148.0,2507394.6661887257,2699613.3978760596,2863656.3360194606,2968941.496243725,2261172.4057694892
149.0,2514551.1566180377,2752878.9609587947,2972067.4110627878,3144475.4169070637,2247867.650389708
150.0,2553555.240377936,2737774.921932672,2945869.489880062,3121136.85701173,2289733.913311693
151.0,2668492.0434113834,2894123.3061770136,3050575.983532039,3283610.600465758,2412960.762094762
152.0,2559718.9084060276,2791906.727165933,3018335.8672485193,3164197.9665527297,2232184.7534475834
153.0,2755500.806978507,2933105.92465241,3068368.833137659,3159421.40000867,2480117.556297176
154.0,2401699.0211340673,2627515.357220779,2823610.823953693,2987828.0821800707,2092748.9455001643
155.0,2773141.3904052796,2919355.67131153,3005197.651068985,3140032.4374172376,2451379.269955027
156.0,2858015.33731431,3050062.034653343,3207827.0111996057,3354109.716547071,2558889.6720423554
157.0,2916958.22264194,3141389.7147317897,3287938.112125803,3405745.8769651335,2533689.0490961955
158.0,2889113.4164451677,3119249.5969268074,3324126.6057816073,3401438.8981609847,2573769.14275034
159.0,2593405.3323795437,2795042.3632359924,2956498.0535679446,3030477.32423629,2243363.907740401
160.0,2813234.112585917,2995799.242614848,3108767.8089156756,3328776.874273629,2474602.3133970504
161.0,2421421.6310666236,2639506.776116411,2768493.5780021455,3018376.3102277443,2169026.6529161455
162.0,2852110.0423974534,3108206.256088304,3253521.5676578307,3450648.719620364,2596845.9814434494
163.0,2870572.0298081418,3103351.247170303,3322016.499357521,3459938.5949237463,2564720.5799403647
164.0,2608624.857839864,2854984.375543944,3017665.1996324705,3208873.540147008,2315786.514899669
165.0,2921790.825491615,3090348.945539218,3191317.0457737907,3292060.8744490556,2606406.7554167975
166.0,2513712.603139744,2730572.9540671688,2817968.2724049618,2987861.6906993515,2236078.2120731315
167.0,2541682.3137268876,2783758.9138702853,2906333.791139015,3111757.185923779,2272945.66789601
168.0,2738115.946136741,2919616.277321585,2990109.996569401,3163900.166192126,2381639.604070533
169.0,2647229.4236364085,2904039.3521455918,3114067.106125255,3248371.4056862397,2303472.8172088605
170.0,2457936.314084709,2693735.5684312326,2886916.1400726074,2994795.439246144,2205803.928004927
171.0,2526200.6284970953,2725308.2200276502,2924543.642936184,3081647.5832712883,2178612.6660740497
172.0,2811998.913936361,2979602.7345353463,3085279.140034993,3234278.9755542264,2479707.8533072635
173.0,2397363.14902346,2655096.804692863,2779565.7843985986,3018886.380363062,2149954.0613703053
174.0,2811544.4411587203,3037344.096071014,3167785.1239463678,3336978.085876617,2553452.7821666817
175.0,2605318.127322609,2851909.984113894,3020005.794978442,3197830.746382345,2279926.4490204426
176.0,2573599.746754874,2744724.4938942287,2861697.807802035,2944399.9442420416,2263169.7922882647
177.0,2492331.9666705565,2696582.9813541425,2889098.6609282256,3068656.6489891964,2177370.992010358
178.0,2769718.655654283,3001438.1183916177,3111740.0880070147,3316854.3090875917,2461840.264994559
179.0,2618429.0330660604,2869106.894280737,3091725.752198118,3225790.210628665,2341361.7370419297
180.0,2737114.959122143,2852300.1896917075,2932956.8593079257,3050568.4759873375,2376616.313427839
181.0,2927025.030982996,3107845.478692346,3310288.5581289595,3383234.120740435,2482246.4978059614
182.0,2472419.6466571963,2661711.1130691483,2842948.7139878147,2901066.8490071497,2257956.3083696854
183.0,2733503.201460272,2915501.8006277448,3032603.2802690645,3169345.20207319,2460112.699999679
184.0,2432044.500124682,2673090.954588822,2797018.054987729,2971126.693420937,2181672.0960880057
185.0,2707644.44169241,2817114.3288988015,2914375.2923619514,3018009.866548548,2413423.0396090397
186.0,2352687.508259819,2503047.812317092,2645848.4266193174,2740276.3655289155,2019957.7501055077
187.0,2820443.569267294,3011152.4473342155,3206031.8225814053,3197489.9826306775,2516235.747366846
188.0,2481295.704840803,2618015.7134987316,2767881.6943888473,2860187.789866669,2203610.8990973863
189.0,2586922.0173557755,2741471.534049291,2834426.676696419,2986116.515882155,2223481.1903204094
190.0,2688979.326823143,2843432.1405948075,2956282.389568214,3146814.7743074745,2367799.926977819
191.0,2819730.369056429,2997178.7241767617,3100684.0894722035,3289520.093215984,2484746.4850165863
192.0,2488525.8308991925,2696554.4917423297,2937136.9013810838,3045919.075455554,2171352.583943301
193.0,2519292.168204675,2660949.129349233,2770986.1683440325,2864862.01384,2262563.248502834
194.0,2957640.577676702,3179079.653201474,3417737.2509419895,3448672.300293966,2670781.3537525916
195.0,2547487.835063949,2737107.0250192424,2886957.492045976,2999193.693792755,2290682.792213195
196.0,2638074.4170591542,2815454.640208591,2968484.3093165965,3160263.5482846415,2300614.6382394233
197.0,2739475.842144993,2918628.4146978715,3046297.0371703813,3131532.564919925,2465388.6204947564
198.0,2481944.7845854782,2637964.3547725934,2748288.0049610916,2851192.2538502943,2187970.4488971643
199.0,2764992.09540893,2954787.0001577684,3188887.411709543,3227437.185797311,2426696.582861716
200.0,2629705.857011381,2873755.64608369,3025015.456454898,3249234.346909911,2395606.1411472615
201.0,2647044.129208292,2864781.0746822953,3034884.8808283014,3128917.3949614842,2351612.177950226
202.0,2558248.716117972,2771574.8048130632,2965546.71439941,3085399.6704918095,2236213.345694179
203.0,2733530.9111571335,2901331.9063129574,3027512.0326155233,3101786.848627314,2456885.544444704
204.0,2590458.8914959487,2827576.373633792,2986092.5018098373,3182630.067801364,2258014.133218619
205.0,2503476.140327924,2734942.9804537687,2925332.4400392487,3104876.835336349,2230819.920251538
206.0,2801439.634222311,2995987.9147295374,3134109.7599623143,3176802.4994741175,2501057.0344270905
207.0,2568189.5659529297,2778923.518410598,2908428.281924964,3089452.848689632,2303816.260380827
208.0,2832321.6130119893,3060437.77588371,3222616.514151665,3413289.6786106937,2539072.123699767
209.0,2750604.0936186584,2900108.7200418646,3039532.7161857774,3078194.5189599684,2403828.2529416163
210.0,2821862.9660173496,3009518.9241799815,3134838.6629936215,3180031.408504333,2491200.074133162
211.0,2488972.8234322434,2667616.1764034275,2758048.19998451,2895537.6539821182,2268842.248112586
212.0,2578591.296117221,2816429.8501559785,2953307.6477375003,3225861.7921788115,2309708.945453188
213.0,2488403.0369915646,2691813.7968122927,2880660.48224422,2981064.691882555,2230997.6973124635
214.0,2687610.7785278214,2813738.8148939623,2901741.0528692417,3016917.4359664363,2327573.5521911704
215.0,2560196.642547969,2781829.9815245345,2937304.672311682,3104837.922089851,2297319.710744051
216.0,2799104.4401819976,3024487.997120462,3198757.9636111497,3231666.7982856752,2495161.278814471
217.0,2782211.0938354735,2935450.107222764,3142299.442089959,3246062.9259626316,2388611.406743382
218.0,2453960.951466277,2660542.78239758,2821354.5513942293,2942892.622357227,2240230.6219558413
219.0,2724277.645819711,2934058.469977331,3129420.7940759105,3183753.2822679323,2446320.765430588
220.0,2886574.426757723,3049636.2768929703,3240197.104597904,3309121.1998636397,2590261.275452118
221.0,2857814.88767094,3058872.1568048764,3188530.2413403117,3394562.507676988,2513695.871810804
222.0,2502969.0269667883,2637527.4376670867,2755474.263549378,2892257.2523058187,2225704.3353265533
223.0,2683546.892113646,2938772.1864344007,3139621.518883188,3282919.7265975815,2433019.1348241093
224.0,2477108.1384024736,2763305.924628736,2967541.6783777615,3152716.3701247494,2183572.3777778456
225.0,2799700.64431732,2976524.7198189455,3207899.5153189455,3280632.990087209,2404313.9067453886
226.0,2557864.4449268333,2716916.0869880486,2858297.7513188403,2992565.167953713,2192220.3794975984
227.0,2444687.0768512464,2615908.678193509,2788659.9944608724,2934297.7951417454,2143941.407048374
228.0,2477788.088646947,2743763.6964427046,2922019.6496406333,3182820.1467745416,2255789.4015920246
229.0,2588046.0383498324,2825069.6631380166,2945519.404919608,3096044.5579968854,2305420.566792333
230.0,2450835.187697259,2617518.544336,2747674.239040573,2925198.9150336054,2097622.6781427795
231.0,2708788.9672187385,2831048.5832501636,2932373.0427144794,3066795.591000691,2352041.666710248
232.0,2774987.6960601993,2956111.5594751188,3102541.685814318,3198620.940257778,2500467.866927257
233.0,2615157.1221817303,2824476.717188139,2939459.4946072577,3071273.3285948867,2329052.8749389388
234.0,2455666.083313436,2756436.6663979082,2942822.039769041,3136060.7045289082,2163328.222970594
235.0,2873897.639858474,3020746.449712412,3187282.1530663506,3282895.447218202,2485746.151527484
236.0,2669649.9289529314,2855109.10007438,2975973.304758548,3197162.1339569446,2344757.5469733705
237.0,2766717.0519043547,2978097.414435973,3154663.3133308114,3253406.9123433647,2432681.094104011
238.0,2724123.5965343704,2880070.6039333385,2985973.0553536653,3053412.5335590835,2435134.422037063
239.0,2807359.0418527387,2938540.841795677,3056393.3093976392,3189101.381103237,2480718.2886420498
240.0,2732289.2553721745,2874731.3286423665,3015453.6862053885,3040064.713950126,2386532.3492140747
241.0,2331551.013735571,2486336.070650302,2656621.460879199,2753428.1357607474,2048385.6127848488
242.0,2307726.8866966334,2472005.288122095,2641469.474991103,2690964.0504005263,1974908.5048392895
243.0,2581566.7192077697,2752039.031572488,2868673.6452936954,3039651.65951938,2302318.0980406515
244.0,2558746.1812020415,2805988.10183794,2910893.976413723,3077235.900542485,2274631.4548635343
245.0,2527466.4275383125,2744224.392503407,2920624.109021565,3012086.6829254143,2270843.697241002
246.0,2590533.304106953,2716329.8025405076,2819705.135926597,2928595.104755555,2291645.782442517
247.0,2758230.2435080223,2958703.5982269146,3108410.3216366475,3182555.4040885777,2501503.008665174
248.0,2716901.476568403,2844798.4783603237,2947740.7179859057,3070538.0314591047,2351742.8384579387
249.0,2359705.288634904,2552204.522819843,2716539.1911394084,2778770.069028862,2129873.831732632
250.0,2711190.7746092957,2995101.276127272,3169587.273435329,3416834.164721994,2467731.2879369888
251.0,2706197.981862412,2944186.5481033786,3118303.674435384,3232445.776476369,2372525.5638140095
252.0,2671817.0287404144,2901994.295957273,3164706.6292786486,3316151.673836526,2382190.733005919
253.0,2684581.64709817,2796364.529104111,2910115.021745085,2973795.6779427654,2382180.600954953
254.0,2533508.192085517,2738973.1208887026,2939977.9232323575,3144385.905948417,2269990.070703573
255.0,2660442.315077092,2854114.828199592,2976642.8250678247,3123327.140455534,2339826.0238912622
256.0,2446965.3492350383,2683982.3157180776,2870201.205222193,3051912.2230394976,2226016.077816672
257.0,2783346.7572399075,2975439.614170723,3154778.0556056458,3334847.6376172346,2445252.9665221395
258.0,2609183.038355067,2897324.2274828725,3013554.963329844,3254499.3032479384,2271619.019313027
259.0,2748044.8952512355,2950543.1493148175,3116481.1231102045,3267191.5155086964,2455412.0162543342
260.0,2666192.9759984086,2799711.363721295,2924184.582020453,3003021.4541896963,2394062.309493415
261.0,2540161.415460466,2685006.488485551,2820596.731822676,2893620.767074601,2181964.469314014
262.0,2540006.5423781606,2719724.103810475,2835814.6963032577,3021861.8450712305,2270956.7715169303
263.0,2574377.4843678847,2768184.6662460743,2924259.986965021,3054744.7920986656,2306007.259374169
264.0,2843607.744121697,3070824.835529304,3252016.497494455,3369679.7051558355,2529087.0172861917
265.0,2724324.4926217254,2962246.587123289,3103466.399337047,3307945.5747326524,2453304.016437858
266.0,2583955.5856327815,2725311.610468643,2854263.7961647804,2984312.572215606,2221800.794495547
267.0,2563975.106439728,2699782.1440113178,2814573.6739009744,2879414.5529046548,2287036.2691863747
268.0,2445202.4523337213,2643849.4066701536,2770854.51411827,2898730.8068273407,2090997.0769848973
269.0,2774200.691245725,2917608.920260789,3011698.852297646,3078800.7512357538,2479872.501374817
270.0,2612479.249633285,2814439.305198061,2978724.950855271,3089791.951961156,2379158.5065609994
271.0,2804490.6107767406,2989510.8537205877,3195816.942425318,3308691.7166356575,2408433.539964434
272.0,2711836.728549623,2852804.098293913,3013127.3169257976,3106063.615269111,2394830.958843995
273.0,2459001.075758708,2716051.4900782113,2899728.566691692,3114998.6409776784,2195428.0957077937
274.0,2421170.8294199044,2650476.456709817,2841372.844888092,3055492.35557386,2110551.6370761786
275.0,2854162.0998328812,3041701.436721291,3174930.625542014,3295451.3036504616,2483829.5492097745
276.0,2630409.833451244,2818459.536030172,2947681.2802084126,3171831.0240773666,2347847.554831984
277.0,2587358.5011315444,2863940.890722637,2995842.5415971084,3196521.820718832,2294763.3507056152
278.0,2411131.699863286,2639715.19701041,2781349.9180331696,2985332.5749364635,2207043.9126971727
279.0,2519648.1948291,2657237.9585162587,2818809.2217507116,2918814.273004296,2255012.3872452825
280.0,2515825.4858338074,2719719.7160427836,2854620.232327182,3006690.4087074534,2271686.3432522756
281.0,2394307.9604989416,2538112.5435566157,2710301.8247406883,2812836.815209793,2081198.7243080526
282.0,2671552.9561857753,2769138.117823723,2902197.0139495246,2936636.631381204,2332287.102381174
283.0,2628415.7818150916,2817548.3619583906,2954533.457948855,3037068.916458232,2400934.516417363
284.0,2810997.929336646,2980365.412632831,3186709.427692803,3328141.5982449288,2414467.4475044333
285.0,2870135.021034171,3051589.2817714517,3220501.9843909275,3315625.835437165,2530037.525558124
286.0,2728716.435538861,2904622.3222736954,3028926.8864398478,3118565.5919520333,2459261.4972021417
287.0,2648856.987202207,2766647.929897345,2881909.7189982333,2961324.2149129044,2339062.137954981
288.0,2576824.3285984243,2877130.659570269,3129191.760632849,3384660.914683897,2275487.9025936727
289.0,2523741.535100531,2763586.780300118,2889827.483837669,3139989.6242274805,2275923.0206208443
290.0,2697771.7868893263,2800341.533172799,2875500.094145654,2974422.0321373427,2351642.3331869403
291.0,2569740.225033009,2702656.800932229,2797405.4227737803,2928815.1841892083,2271662.9508409468
292.0,2435824.3455217783,2581223.407031865,2699601.0825277795,2822283.266631857,2082832.942045435
293.0,2510114.8383634845,2755304.383095193,2980204.253227938,3123277.806203313,2195891.82248819
294.0,2771484.453028869,3010628.860359159,3181968.382649268,3444065.715159351,2478139.866722752
295.0,2744608.1494862633,2899731.561501277,3024136.240619991,3106990.348709254,2443756.1780640353
296.0,2612931.583039198,2768208.6794332014,2850600.8742528027,2933378.0509305713,2282987.6304957108
297.0,2537007.673552193,2816216.3567923354,2991945.9233636414,3180384.458073705,2312600.194215444
298.0,2876286.4221089296,3069157.4639973696,3244699.417752934,3360902.9175907667,2556976.8008282296
299.0,2702828.214568925,2903737.0646564756,3064965.215576267,3156049.1513040983,2430154.58916321
300.0,2846584.683993217,3039279.555171734,3143261.810041116,3351846.6505090008,2548645.5207498944
301.0,2573014.855577042,2685262.8917204626,2777710.0015657507,2862852.209510711,2233418.0763155823
302.0,2552632.6828390392,2792871.717231671,2944417.942176623,3040222.728901549,2317443.8585376726
303.0,2634752.9880446983,2878447.909020755,2996409.433269334,3151663.355825594,2344212.836870658
304.0,2809343.389055659,3030592.08900907,3164791.287546696,3218657.2788486374,2505926.674495762
305.0,2803554.6752510895,3000909.13607329,3082756.105645411,3235786.038036192,2521796.6240550387
306.0,2844380.059257362,3012341.548308834,3146545.0918024187,3317023.507212937,2539995.8418396586
307.0,2719801.9318125034,2853546.424269333,2972391.936116912,3117621.422126962,2290446.4503213726
308.0,2550081.746186891,2793438.835474188,2976449.3308384065,3067870.0092285736,2334480.7263005516
309.0,2698676.06471089,2879723.619733995,2980909.8835064014,3078078.2600593306,2449188.561664027
310.0,2864533.33572249,3079060.809805159,3222505.9200112717,3291481.636555695,2521220.333200611
311.0,2925674.2048226115,3120924.499926045,3273848.64076486,3373859.6072667288,2633288.5050249025
312.0,2522524.292696938,2659067.9926743484,2812101.22988848,2911363.7622440876,2226106.081968116
313.0,2488541.416056584,2617860.1217340888,2720922.628628809,2793684.1758093955,2229667.7269963278
314.0,2518181.639280277,2691590.1296067038,2818610.7782888985,2991571.758427241,2248763.110157001
315.0,2569744.2074834723,2688214.9773234297,2806347.837478507,2855702.5324314195,2303951.594975305
316.0,2523665.142353198,2719172.744473437,2842741.025339223,3023672.4158157604,2263683.2578504146
317.0,2640035.1336539704,2850134.25561778,3025391.1273849607,3255591.624220318,2277393.493753052
318.0,2653228.074862409,2804559.366624811,2910819.0302919764,2977547.145217402,2370252.2282926985
319.0,2637474.877284776,2824182.8750894493,3027845.6293627275,3156897.779459905,2257704.7171311555
320.0,2778796.652394281,2988845.8427579375,3135092.2617408875,3366286.630805149,2482582.3999798493
321.0,2933470.74741182,3173981.3601948614,3302456.9927082155,3400649.675565286,2656068.131664041
322.0,2453307.2499937573,2654876.253672948,2829995.997533935,3019197.735036808,2193418.3264302737
323.0,2833459.285214223,2977801.5863499567,3101378.2958175065,3195839.097771402,2541172.2108051176
324.0,2681796.242806623,2871934.3974066377,3065896.1613902687,3230352.782199635,2284533.675072705
325.0,2941783.639885856,3141135.144915454,3334160.753211344,3327186.9647094146,2620244.6037018225
326.0,2651558.1765471287,2836738.077553663,3028144.861678181,3233463.1595671917,2326695.5195025154
327.0,2688116.8044674597,2925082.6845890507,3014968.638057484,3205740.1108543593,2427711.0386334374
328.0,2486468.102869197,2671986.3628639383,2806961.9799412345,2863914.5745901666,2235510.1397002223
329.0,2408789.1638051346,2532527.139624135,2647417.9170187945,2770164.2230020952,2057459.1117751356
330.0,2349525.6380575444,2503209.4362383597,2638325.2230125065,2714761.0978061324,2089083.718176555
331.0,2615802.2770686466,2852001.2840989977,2980195.8185809236,3090101.402898506,2383288.021982034
332.0,2566761.315559333,2744499.1445469745,2836898.67506985,2963615.3641150515,2339027.8354890975
333.0,2645217.1395653593,2924292.574430416,3125482.57195319,3350811.1646382967,2417141.061455532
334.0,2626475.5888474523,2894008.4494472733,3100463.0783726657,3300174.03669748,2328068.0620424645
335.0,2453741.451677446,2600057.039841851,2693780.6569939526,2846204.244007175,2161534.3828850947
336.0,2974517.32519327,3160154.5631114724,3367886.9064875944,3462398.503206007,2659174.787305263
337.0,2760313.6222690013,3028693.1499235937,3163585.2557938434,3348983.2733080923,2451799.59709762
338.0,2600440.314616891,2703192.9284742065,2790027.9773481465,2884224.003976997,2315441.358192233
339.0,2508332.684889289,2793981.334339696,2968818.493157769,3167659.5076556015,2220821.0130009768
340.0,2626787.7267525773,2887117.5697804578,2999040.515031865,3203709.408150728,2332893.5133991833
341.0,2708477.0846220637,2840097.266402766,2944640.3006344703,3064451.501903752,2429982.239562899
342.0,2546778.0892627807,2817621.706336048,3016049.9791381615,3134595.0193105116,2257773.2146417717
343.0,2904305.7465010397,3101948.396919043,3277750.952201766,3280816.610806344,2590808.0710488902
344.0,2566168.9473409774,2779809.210042375,3029847.2584906435,3169270.457310683,2309559.569944924
345.0,2521542.7356958403,2718126.956220396,2885387.7416590676,3029102.416911869,2257299.7543530203
346.0,2745632.383174537,2940215.200467877,3062853.1836811756,3279076.0890938365,2379662.6777152605
347.0,2620851.171766513,2739431.151414286,2809633.3720110226,2887086.5240685176,2325628.085444043
348.0,2828374.140823034,3046778.3768212707,3208067.0959001062,3357300.3488066257,2536901.03957212
349.0,2522065.675708115,2668442.821381848,2768290.0580317723,2881453.8414320983,2227225.809884039
350.0,2814003.9521435574,3003698.521507852,3165053.949148288,3308589.930732238,2416844.5572161037
351.0,2567126.020630592,2795796.3069057697,2958898.246660811,3146429.479603471,2244209.8851770256
352.0,2782916.888853105,3023998.3391577117,3168849.0706994026,3268066.6024756213,2533416.847256801
353.0,2473033.7290785126,2711193.0928194504,2881956.8520813035,3029725.266490306,2150775.1578959776
354.0,2526210.8494313224,2737942.6069024587,2925689.290385722,3064024.5547640673,2201446.5237536617
355.0,2573544.4250808856,2761584.164363579,2982556.758736446,3060992.5712926127,2316115.204703204
356.0,2435735.13894173,2624017.8748243176,2716399.056537975,2889185.8060898622,2181528.426462361
357.0,2762780.319637858,3048155.5036912565,3251157.9404262165,3485350.3553617373,2505066.9768865295
358.0,2921121.0780232097,3142750.368997894,3283259.7292115125,3369266.747473674,2659147.511006367
359.0,2604319.123518781,2798752.892858311,2983168.0668205614,3065130.188046473,2248162.441499561
360.0,2497892.986886345,2692148.4042856176,2802832.130624897,2914137.1534917885,2226429.245690757
361.0,2914156.165267033,3098074.3866710933,3287630.2250087424,3336192.289109016,2603417.4416616955
362.0,2624421.993894839,2862071.0507477014,3119441.095164567,3269326.3774184757,2363951.642597316
363.0,2755773.8395141275,2889328.738702746,3002219.552018047,3104451.6044188645,2385441.268440015
364.0,2671038.8356618555,2773318.108750529,2893656.0647421316,2999535.972307389,2379757.5208964753
365.0,2437945.15787035,2657094.319582174,2792151.0911265286,2941188.484684048,2184890.669029925
366.0,2592021.7623686288,2763517.4255360267,2931071.3917047484,3003847.4571077386,2221694.461245189
367.0,2336305.629700026,2555994.843697214,2735594.8093049573,2845336.6155892047,2040671.548062267
368.0,2624473.023202032,2930566.1626979746,3105060.660664438,3407217.9587818296,2321807.2579316874
369.0,2551268.719125816,2814092.055044403,3061561.5519478996,3260100.354022926,2216333.445304217
370.0,2392540.331622765,2571483.752717065,2673688.273454492,2794085.147821263,2100170.758890956
371.0,2782663.8911890867,3059337.8830576735,3237613.2864096314,3378486.2366535068,2535749.3418420316
372.0,2810826.033027418,3005516.3514286233,3130314.7390782144,3322477.0029829238,2504061.0055013015
373.0,2488029.7381219603,2634276.3803166584,2773609.555778456,2914014.0860713483,2135014.785368112
374.0,2980349.9244282986,3142620.4066822766,3318199.7208504872,3445812.073101398,2660953.576042125
375.0,2688814.0144142406,2850018.4065331095,3034172.0573931597,3098423.443245478,2368334.197500853
376.0,2668279.651544135,2819942.407933346,2941227.1011227644,3021092.7815051773,2402073.8264715304
377.0,2811193.2484650873,3037538.985876997,3218400.497837204,3396991.1755957315,2517675.246226493
378.0,2721104.5890817503,2876989.7206916497,3010586.659538338,3071125.285036655,2399589.4466716466
379.0,2478053.208573279,2731423.9519869904,2937630.1453995104,3012032.426222456,2214530.446680903
380.0,2602535.9007030497,2767075.5647761133,2896033.9848948885,3036731.550561366,2309235.0690723197
381.0,2796493.821907584,2932063.807725813,3027658.979656888,3159765.6687472695,2422233.177189794
382.0,2481162.4318064395,2693710.8130244534,2859420.749936541,3063076.682089477,2167969.4156370987
383.0,2651084.372013344,2803440.5185952396,2895473.6898033447,3010786.435399172,2388102.942791632
384.0,2663253.633637514,2801980.7162382407,2903262.8122838293,3015901.518613629,2354855.4488491965
385.0,2822064.9156755065,2987818.472420237,3083896.471569509,3196349.1377219763,2538782.1473445566
386.0,2836033.9423498786,3023056.9218600695,3157303.0312682875,3234705.651967035,2552182.0343180574
387.0,2487986.0120139453,2625821.4057736453,2817151.787666769,2915768.6092052376,2165573.113741118
388.0,2828622.6429850715,3016009.45057067,3157810.9523395724,3277485.9092276883,2491698.561745263
389.0,2551324.2445292682,2832316.4194684043,3041012.4952396653,3222250.790706828,2284858.68294704
390.0,2554541.434130654,2729343.6304753656,2835985.2539649974,2949854.614561183,2299315.5027677095
391.0,2713196.2626146763,2946892.6973519432,3070186.6898259274,3169006.171453516,2417301.316998433
392.0,2510692.3109949925,2707598.5431065657,2897790.681598454,3066319.4606673773,2196145.92642964
393.0,2548221.634365154,2706904.3521526395,2840926.8777219094,2920058.034712533,2248314.4700677698
394.0,2497563.1134605585,2717088.1101560956,2916280.999218405,3042073.586326576,2261327.4242992033
395.0,2935966.8841022756,3146157.315431842,3317215.521631301,3442156.4930303707,2609367.439930469
396.0,2723670.085355545,2862110.8422138803,2979630.293118715,3109804.5176174743,2404622.131650295
397.0,2588679.6248468496,2793215.1609115596,2903973.993752063,2986508.8928775173,2307777.3942066045
398.0,2618112.0103697833,2850668.935583061,2995727.2401538608,3200753.768986492,2354118.9316999074
399.0,2899024.0683400836,3067269.9604626377,3256922.6709608086,3377214.960687027,2597826.321387508
400.0,2615931.1666158247,2823411.61983328,2973051.185099433,3201672.4260695754,2291684.910403472
401.0,2651592.0716657685,2824801.3790652924,2948659.6190253124,3057490.573593154,2361853.1581698735
402.0,2510260.96790335,2697737.6277839188,2824509.816721332,3047441.220330731,2240369.5241992474
403.0,2294398.712945043,2460467.679750298,2599539.361865572,2714725.3346780436,2032530.390094638
404.0,2325951.601082682,2585575.3450065246,2775918.28100353,2962833.83017638,2129354.640361498
405.0,2662333.0052813045,2878271.630857807,3003634.8086073585,3188055.8306446034,2335367.010412962
406.0,2974147.7277919217,3159172.222343983,3316135.507015649,3387329.0921153394,2675697.6209057006
407.0,2621802.3822261263,2782109.415191403,2874005.5797904283,3044342.7699940028,2276777.452191162
408.0,2374769.818911815,2580653.9611267615,2736045.879604273,2963137.7242156905,2125092.0674023796
409.0,2516344.4049187726,2671228.5152456486,2839184.923893853,2965383.688036063,2250022.067038419
410.0,2520357.544853904,2779530.788166283,2946398.1205275822,3175750.7443808457,2234961.756609518
411.0,2799715.6705213985,2998450.8899520915,3132248.896618561,3359662.6648464007,2499980.075140822
412.0,2677222.663381385,2836369.252289679,2993493.5180244297,3108566.778692203,2299848.502049769
413.0,2732356.917265664,2962194.272502685,3121195.12921308,3372734.2876069983,2422869.3119105096
414.0,2767283.3302785163,2931996.005424121,3052767.0226609637,3164554.384213847,2441648.5151633406
415.0,2616987.072115826,2719319.8705351073,2810458.243146861,2848499.8137537194,2340805.2009592955
416.0,2865280.476778347,2997121.9560594885,3112271.533885777,3161186.804202134,2558630.876934937
417.0,2650244.4458177425,2884274.829201041,3064190.957590535,3252328.022319718,2351962.5720054377
418.0,2728146.438068328,2938137.4633823754,3091721.6644250746,3153659.5259586647,2497306.7715140916
419.0,2658278.1539672553,2940041.331338026,3124916.1210498274,3291674.5778474538,2356853.7320628744
420.0,2561299.414931849,2752443.3887653947,2871102.0257040886,2998154.666961687,2327568.7533579706
421.0,2874798.7498998703,3045379.650805058,3315094.083377062,3399445.740573455,2463898.474994802
422.0,2794817.0395188075,3014126.6425771387,3182829.028217818,3316988.8086020728,2505152.6770141977
423.0,2759918.2068153014,2916144.231749626,3031233.206057011,3087475.112646955,2406420.958159735
424.0,2930699.082224507,3187571.6262569185,3335229.5995834973,3397941.7330828635,2658743.0825666445
425.0,3069980.5849243416,3264027.636473571,3406409.224570498,3478034.899230052,2741107.6240502493
426.0,2694057.747377359,2909923.8761538384,3062499.5865836823,3281928.8888699133,2402435.7799736937
427.0,2662822.1747652665,2794598.731250003,2930122.234442433,2999753.1244688295,2381473.3129367507
428.0,2526390.104371099,2824784.558473656,3006248.5807611654,3286564.4118105676,2231309.530603413
429.0,2401219.0039329124,2599141.0981730525,2756287.094638621,2917130.177484519,2164198.9085065974
430.0,3003958.2497263355,3237231.319344277,3412309.5835936572,3506566.9225118803,2675496.238628739
431.0,2629536.237131607,2829648.788433579,2971537.891505127,3099166.097717525,2357738.5941990335
432.0,2614786.8802664652,2823934.008060136,2987006.5335824625,3213569.4202537225,2360468.676245972
433.0,2845889.5145188686,3052302.915840708,3170667.9796521664,3230591.109936731,2540333.5962451966
434.0,2312275.650896128,2458462.3888388383,2558049.2914217734,2701142.702380576,1981321.530955483
435.0,2727464.3814235283,2869094.068450846,2982604.543945967,3023322.5594009254,2453542.929350872
436.0,2541092.525321049,2664564.4966647984,2766446.609182723,2880665.26696822,2199753.492758993
437.0,2438826.367356233,2616943.9726874474,2777829.039429031,2853350.783857949,2192105.2125634593
438.0,2755330.40095212,2969807.7044904293,3155249.9536063825,3377806.7084145537,2346387.7062569126
439.0,2747579.367164996,3020364.4118302227,3142828.685684399,3309184.2575735953,2445623.6188562093
440.0,2489036.288051261,2724433.059215388,2854875.4011493744,3078186.719127974,2170150.778862002
441.0,2585680.997269905,2730051.3281673747,2841120.9825039944,2882135.357396544,2210137.2034630673
442.0,2669463.9084962215,2789837.0474611027,2894858.9697102937,2950218.1178659117,2339642.0604274822
443.0,2635209.9274282753,2740992.147484394,2826975.1881651115,2937523.532893083,2288718.0629878016
444.0,2458704.5124450917,2639299.6134172953,2748082.2352760686,2863334.4351922087,2163114.0886399243
445.0,2509149.165917874,2681572.199740427,2824991.592881801,2999275.8464666223,2200452.41605549
446.0,2500309.3354248516,2666304.2066270993,2766879.3157464894,2933075.6806246405,2236121.10276635
447.0,2604936.59793578,2800556.951552345,2880967.788410156,2942090.0728037935,2326127.963362383
448.0,2590362.9624331575,2767821.6648022304,2898504.1189445625,3090980.433254972,2220521.6083827936
449.0,2740027.289859739,2914450.637516348,3011328.9356187806,3120174.5999090043,2384765.512903435
450.0,2588770.039967111,2801735.595018841,2960212.011238945,3046425.017891651,2270688.458317616
451.0,2585691.891866364,2811608.0435934174,2966971.844239567,3204110.120525893,2256686.389688688
452.0,2947242.749525537,3256734.8464205475,3396926.032543785,3517667.4519316675,2687331.5584323998
453.0,2640865.534115526,2917905.580596663,3035286.1920276745,3240036.267782607,2342663.2577709323
454.0,2404263.1963502853,2589476.807431359,2746788.6839141734,2856833.4088024357,2157453.0213019727
455.0,2646181.248283233,2862510.5135384416,2964274.995643127,3153619.6996309697,2351699.1760150082
456.0,2521264.074185954,2716557.2330837045,2838334.944150782,2969511.8171761846,2257408.135058332
457.0,2426039.4049752974,2718228.4428364746,2892155.212126712,3167114.5989870625,2139669.231085022
458.0,2751987.1626749295,2960632.7407006035,3102306.803370156,3270079.240013395,2446592.855648993
459.0,2654539.476780043,2861173.478044964,3083984.4842477213,3216819.6070199627,2374716.4576305146
460.0,2637810.6069917544,2773685.543591231,2903383.469230698,2969149.57078111,2375598.347323243
461.0,2837565.8927543876,2996634.9530493114,3212473.238357177,3237145.0650552576,2537687.5260072094
462.0,2595705.4991592225,2743363.6583807115,2879909.8526792303,2961835.524446615,2333276.711847884
463.0,2445504.211643933,2728946.9946628395,2910116.206457696,3211500.1316069993,2157833.2437009453
464.0,2798187.4685733407,3036785.3668523896,3169279.864134063,3375803.443284183,2511499.3696419974
465.0,2556520.436729421,2723586.6616011253,2834776.2599026766,2958635.240358591,2252870.420630965
466.0,2700104.0512190685,2843399.401489347,2931714.5015889066,3048159.62444135,2430898.0903319507
467.0,2495200.8834327944,2743354.1696689697,2825583.9388809516,3003277.9796310267,2218803.730603562
468.0,2581940.3912377874,2719581.708485249,2868888.926996725,2925859.575432077,2281168.540007052
469.0,2575555.331898331,2732660.1809356306,2858239.185912304,2980187.0499701435,2305712.1693057106
470.0,2762833.7218545335,2968755.6712562996,3155157.5701232473,3187944.6362358304,2515807.0975726573
471.0,2563057.3111119927,2720968.2040513977,2807868.0371665033,2894854.5680701467,2313550.8586100917
472.0,2742488.516558595,2918794.501416613,3035595.9147426593,3170811.124398125,2415469.2134265127
473.0,2484396.3415797623,2715617.2699203277,2886889.146199661,2982323.4153994704,2233886.558769878
474.0,2458722.27764808,2675946.774859428,2845544.2303312784,2947308.973458125,2200467.7592776166
475.0,2636286.092491043,2835782.326642059,2997450.9849136705,3113460.1589256115,2372503.8826953145
476.0,2577743.865767065,2782655.2363737966,2896605.8221092406,3124303.10817004,2311875.05060467
477.0,2444782.297084623,2668790.312284333,2848667.3619696563,2978154.1373565733,2187961.2272169534
478.0,2288095.344449862,2477545.360343211,2567190.772092827,2692131.8321566544,2005156.237513662
479.0,2476583.2404974937,2721987.725920711,2908937.222425426,3101715.120732871,2243600.195945501
480.0,2690147.4203752773,2904041.4066249803,3020996.2945192247,3212567.627324028,2412760.932439983
481.0,2452478.831142318,2604524.07070683,2760822.191033114,2847298.7252294365,2194312.877722881
482.0,2643441.0363027193,2852521.3532612454,2982189.4016165705,3083598.9691304476,2392140.152576765
483.0,2416406.763475087,2612867.3352730786,2758180.1906449744,2983648.82978095,2160062.4573689303
484.0,2668716.1630395725,2815126.5485076094,2863135.6983771455,2963676.1012337618,2405645.713878195
485.0,2609801.813508875,2826615.478645598,2981384.2863938245,3102758.2775300993,2286240.2617034195
486.0,2938610.8537678937,3092842.910244437,3252782.261576938,3335153.5300095715,2624180.6139786695
487.0,2443939.3079556804,2655535.3025761438,2884119.974881642,3015401.9486913877,2131989.681948334
488.0,2519871.4452404436,2715770.0057816445,2895213.4950857,3102329.69930854,2204478.388761707
489.0,2763997.949595629,2892135.9854818126,3001466.264857979,3056918.0876667774,2477092.5599333886
490.0,2735975.7929503773,2923169.4200055925,3054712.981434779,3229732.3337769345,2451655.024501591
491.0,2468173.269543307,2690723.762017364,2938265.609342709,3103825.952849903,2218860.7272281246
492.0,2781337.652461631,2966776.980731296,3076957.4753193753,3223573.2868368207,2451113.144665625
493.0,2717081.1612038403,2891903.78018676,3040124.0899855304,3089958.9961631466,2433285.0505515905
494.0,2423684.7432181607,2678244.004491356,2812434.4168515126,3056127.2869848385,2174556.494216429
495.0,2734597.4608243755,2907775.8210032433,3092128.049208238,3377816.8170355093,2418519.658152231
496.0,2584653.4943967154,2772232.310556392,2941091.5640735943,3121297.770936821,2307967.214733071
497.0,2941451.1994145205,3194197.779228085,3325405.374851344,3578972.568580451,2635682.7159389853
498.0,2736099.1672097077,2845932.4880092028,2921325.5654735947,3015017.6096676155,2444550.1944250944
499.0,2450063.5964074973,2678026.2193295127,2842499.698227228,3062030.276231399,2214232.368249909
500.0,2616329.066900805,2797235.375289377,2918235.5061186343,3065828.1737708054,2301874.038532314
501.0,2761415.6208555987,2967089.5775629715,3174032.729733591,3347687.383491601,2417649.3837802173
502.0,2745237.1479049544,2972067.2308506668,3114871.7028405103,3213312.221284124,2502389.2274998724
503.0,2475451.775404951,2687146.24712491,2849876.5075441785,2991911.1215401553,2165797.39987413
504.0,2263486.5357424472,2458852.358922199,2592724.126175516,2746162.7778585013,2028342.1650289488
505.0,2640947.433118483,2857285.9269997803,3049472.946349085,3203279.2422809526,2313020.6183420415
506.0,2618162.8698838577,2893666.6826901897,2990321.0742805414,3206764.911526502,2390930.7620962495
507.0,2614943.799241702,2761916.7210421585,2912211.722010455,3049127.9114360004,2304383.8571381583
508.0,2796873.6910113236,3017151.151059311,3144853.886708566,3293559.5841740877,2510160.6299827057
509.0,2667221.033671877,2870539.844129776,3046966.8977537192,3131942.485136492,2303975.7636419083
510.0,2461252.8512665606,2562810.822454613,2665833.5781835723,2733946.062716811,2192807.2156536686
511.0,2570371.503527283,2759401.359680957,2956864.126319576,3129048.6993533312,2250771.39258578
512.0,2623191.4520322005,2797078.6303355084,2954889.6808069637,3125471.6010071468,2240862.206980718
513.0,2688459.9692615615,2830910.399605712,3002864.824769034,3090790.70479907,2320461.524824126
514.0,2642372.7577819284,2767025.654578421,2872442.523925764,2911444.4747448424,2375459.0455521056
515.0,2501826.3385112146,2670000.1519322274,2805789.2038761415,2842929.079544725,2249458.219816576
516.0,2808604.7959216093,2973275.205719948,3151598.4065212402,3250300.3765672413,2420475.0009400705
517.0,2545855.293626433,2748225.042542871,2972793.3680023435,3131815.010047424,2263137.9375178767
518.0,2520291.3160328935,2769207.3163657393,2995756.5757046714,3126250.565565203,2197512.4902528403
519.0,2506803.226753435,2703608.689100952,2844281.4098756406,2965689.8087815978,2256284.158555646
520.0,2637298.695089454,2808594.979299685,2940749.2504116953,3061014.404750676,2367506.3925258135
521.0,2764546.6543583944,2965358.122370185,3127066.6959218355,3328717.8186272844,2478695.9802277745
522.0,2554241.7337374506,2782539.47358337,2935027.0272421245,3041613.7782504363,2292380.7389804767
523.0,2584087.0958740204,2802886.987281497,3003007.1826843307,3231477.7149956473,2256569.1023460524
524.0,2725223.5234851027,2842326.6409438048,2927799.0900751334,3042343.460528516,2413467.784557762
525.0,2745195.765565884,2943618.7060150714,3077314.5372144557,3250991.3706676573,2409419.5216219774
526.0,2728355.603532837,2873163.90247837,3010449.2686735787,3038057.414831337,2412034.1329531875
527.0,2720335.364205751,2854991.335959752,2992084.858488625,3104833.150414678,2356672.883868707
528.0,2767110.22644452,2929570.0088019078,3082172.8445484433,3067506.275687098,2472227.2068699594
529.0,2747517.9987568324,2921799.880039133,3033485.2038393933,3143036.313657824,2422239.3030177583
530.0,2875581.4335132255,3007993.1287373607,3204809.551506676,3281226.707089739,2483710.85238439
531.0,2632092.029423297,2819978.0537924618,2926796.456156011,3045146.0742675,2391801.272453051
532.0,2775945.470247961,2950235.0072898814,3100608.3135790885,3206158.1472360413,2382580.8933905484
533.0,2646808.416652016,2769259.5869976035,2875242.984654856,2992827.221798368,2307354.4397887234
534.0,2713526.6274764687,2892372.381727428,2980386.3107071905,3071091.1855954244,2471389.362488929
535.0,2561224.307119052,2731469.8512822636,2899541.8156546727,2986734.0350933825,2302580.8491328373
536.0,2858627.441559601,3075575.422587272,3273627.1010580473,3384834.5363864535,2596702.632383414
537.0,2793396.7420508508,2954425.08201497,3129690.908836656,3190655.8651433312,2463452.9216385693
538.0,2309993.9817982214,2464438.82473353,2578289.5838738685,2689736.7393959817,2047003.9491446114
539.0,2537902.608052791,2804513.9855039166,3018930.723990104,3223526.388105321,2206076.6402928745
540.0,2855722.0031443075,3048189.4163365974,3159965.4857592923,3360321.651438044,2543490.489745869
541.0,2303782.606303856,2478222.8882063567,2647460.330264624,2772834.8578442507,2017352.9533052298
542.0,2536495.7092596483,2722407.043875615,2847890.1509747594,2972192.3629732477,2279809.381049214
543.0,2520550.7249178113,2768514.3378239125,2928750.652667449,3202242.634679646,2196004.751275233
544.0,2564197.3463762733,2784944.9111596956,2968199.607364186,3182052.685198359,2283411.728853834
545.0,2681002.3671610933,2807301.9465099834,2915969.430560526,3002444.8930854057,2355863.779303751
546.0,2492576.348336232,2617858.765525119,2734713.3772421503,2801396.0186731494,2154758.282811017
547.0,2797472.752590903,2958865.337800448,3088164.565186765,3130444.4841885515,2443942.664071427
548.0,2367152.9388118247,2513863.212547044,2664990.5653738715,2749515.631243397,2104363.7045722506
549.0,2600025.3220675658,2773017.0879484923,2872482.58802227,2999501.093089099,2351065.127833772
550.0,2480488.880183472,2670262.6259798,2823727.5492851157,2915992.55215628,2175103.28667705
551.0,2654961.833333771,2767123.7338557853,2861040.2893803306,2979481.2562355944,2305059.980187305
552.0,2468790.3161754017,2666017.877313417,2865561.1615883117,3009088.312942155,2159394.094994532
553.0,2631178.0563858575,2830833.421320555,2995343.0196648445,3222701.748497098,2344557.1667639962
554.0,2842350.163735097,2976570.4589318046,3051535.052538335,3159624.083854805,2520013.0893453076
555.0,2686042.6274669706,2853696.8133334117,2990721.5747719994,3120175.268043697,2363399.632533317
556.0,2782294.5882923338,2901197.9369549733,3038774.246387487,3099270.25140565,2417414.2430396634
557.0,2743949.821395668,2927287.2559572924,3106878.860155597,3175360.137290308,2466702.631875473
558.0,2751739.2876362656,2997976.503878864,3210048.804491591,3415565.333900586,2465164.7501036166
559.0,2553999.236506875,2773826.0052475356,2947587.136432813,3157102.061077802,2325743.7960764505
560.0,2625446.715842529,2790359.1161563965,2888858.9421980698,2938935.625663459,2290064.8554976704
561.0,2693317.780659726,2924671.8064352474,3079083.0804995117,3098513.4115363285,2403519.1766577577
562.0,2446142.9335822514,2596075.9708482083,2717736.967918925,2797172.0436488385,2187996.747646266
563.0,2737053.310339494,2961508.5824061343,3137028.919330505,3123761.034860486,2493350.1352724195
564.0,2636785.462318683,2778681.788688303,2893955.445575084,3014641.0485150907,2363759.491052231
565.0,2790047.7606091145,2981214.977166146,3130585.6445195293,3323043.0501500266,2491258.4401409132
566.0,2567989.9571806355,2697382.5547566633,2842590.441479136,2917886.4729448487,2280515.4527085475
567.0,2742198.4383371645,2868392.23859036,2990966.8693320616,3013718.733836205,2464693.9603853165
568.0,2339270.571269421,2558977.712528621,2726682.967227694,2820971.593475863,2094509.8607760663
569.0,2717769.7050289526,2839650.3731772546,2914613.057641688,3002086.6827571415,2362485.6284235637
570.0,2539731.5305357957,2711868.5464854175,2847192.025721254,2983014.041016942,2296290.166169517
571.0,2676851.2261962104,2833225.5832067756,2960354.532058781,3066877.7022576747,2329697.0454752836
572.0,2787445.512359166,2925202.9923189054,3008264.4637079197,3114321.9448227263,2470970.1396805425
573.0,2898624.6762837344,3169258.941969646,3358316.7947478234,3486844.756506204,2578273.762556184
574.0,2617829.980470501,2706048.7321725464,2790996.747471126,2887415.955218495,2282373.3880099966
575.0,2884012.3832156993,3035153.301366117,3149491.9733094713,3291151.6788334767,2548125.9865417527
576.0,2413384.4805370034,2573278.8036825475,2752791.929363067,2922047.620590182,2118769.625111554
577.0,2525534.5619930765,2755191.2499724785,2914246.252342096,3156637.658041366,2237976.835152924
578.0,2764800.771077766,2949324.8834245913,3059870.6635272303,3237780.233686802,2434860.512126279
579.0,2583622.828738726,2790286.7511008848,2943195.7528803074,3177003.8696283987,2229790.9324527443
580.0,2680947.2700139773,2895983.547177836,3076854.4940619883,3144091.9270488196,2389152.3523219083
581.0,2468426.284843884,2669842.9241497903,2796566.7319116145,2930221.089984177,2211627.0716931215
582.0,2544486.138145104,2726485.020066462,2916252.620487179,3032723.744529914,2270681.0420968896
583.0,2580894.0961803873,2813517.895324462,3016090.232205038,3124546.507730184,2326164.7194995834
584.0,2480619.4031675933,2672625.5401500524,2819636.5935961306,3018896.120643009,2172370.2189340885
585.0,2717057.4919602447,2889636.0788784893,3026131.944499872,3127088.035519477,2335743.9106673063
586.0,2338558.046161829,2517291.547857677,2675345.4823448155,2814956.50705513,2095962.674725554
587.0,2514176.5020172675,2639458.844258853,2742014.270478912,2852344.9861134496,2269022.6491481457
588.0,2679410.092230916,2826862.648612221,2919111.966891631,3038083.54134764,2332079.0353046907
589.0,2444985.6506381445,2635991.892565862,2766535.350265473,2908441.1300204857,2207795.854154479
590.0,2530661.0906294174,2714192.3717721533,2818437.123821249,3017548.915062984,2191097.959018457
591.0,2586697.218107759,2783776.49447142,2917333.7651276086,3069400.9517249013,2322140.1091634114
592.0,2732610.971517156,2889031.0551434597,2972086.7620057827,3050717.6240092404,2464181.734266537
593.0,2642240.0700235628,2828529.259374735,2913250.0800489183,3066765.6452825344,2354538.7139447974
594.0,2728134.5134837707,2909225.750004405,3055361.036839253,3160170.458180497,2439947.973316712
595.0,2531413.1446383526,2796594.80185845,2950380.077454492,3234897.014216189,2270086.588644982
596.0,2586389.2285337527,2767197.5578595623,2922757.71182037,3062445.6572878817,2330820.763237146
597.0,2536163.2498063636,2740696.404931906,2933883.982535011,3065424.3236331483,2219567.9491711333
598.0,2748249.1471261573,2860663.3215860357,2923123.3781990637,2991295.806394304,2454595.576200051
599.0,2551722.7019922454,2783109.1340381755,2914842.7400901993,3162955.5406743507,2226492.686703644
600.0,2770816.647885271,2979228.4206715375,3202614.2127008103,3289014.4084819662,2501638.136796351
601.0,2804295.7476093024,2974613.692471676,3123957.586993269,3320242.041759317,2402385.1940835635
602.0,2997245.2294477792,3159301.346100662,3323510.047302611,3441356.6390560996,2643317.669492303
603.0,2619282.531295508,2733383.6632511797,2817148.563256169,2929898.5761091714,2276485.4624652704
604.0,2714901.7821434904,2984215.424742468,3210798.119629707,3332834.506903701,2424225.613577247
605.0,2489824.097823574,2612402.2652369714,2702233.1529142493,2786093.7414324046,2221368.6553841336
606.0,2704771.6522368607,2906040.314277517,3050470.469534749,3173415.5906139836,2436181.079693977
607.0,2671737.5977566577,2795667.296855448,2922136.423723022,2980132.1900556553,2367273.960654528
608.0,2454273.5213303193,2701994.4375089314,2868730.8141724435,3140393.2849048534,2232027.9021834065
609.0,2563963.3693629364,2748523.8973560594,2968622.1711620293,3090527.1408451214,2286889.7877360755
610.0,2527790.733617522,2695354.207702877,2906277.5140290475,3030269.9947400233,2194136.5487901918
611.0,2551988.1628691126,2730038.6747182896,2864135.784185606,3007235.1754135173,2290085.299771538
612.0,2583357.2847333774,2817662.116314993,2985245.291622668,3125584.729603839,2356901.4047145774
613.0,2845773.4754061606,3000398.888619824,3096964.369376439,3164144.2409912073,2545973.3449902027
614.0,2745101.4869526047,2945061.2045787224,3086064.2239567814,3201077.848568432,2465946.4102983037
615.0,2727001.483556888,2942025.181088435,3110294.676051199,3218951.503578661,2427230.568485199
616.0,2422626.4705590927,2563166.333483095,2652513.143327248,2776484.9097267156,2188643.086769369
617.0,2767157.746670745,2966463.5984501187,3106857.8499826323,3213601.5233717407,2492667.4802736193
618.0,2748238.7259112373,2993889.746374909,3188063.7314250157,3398490.6801014487,2399160.298650189
619.0,2524063.249708427,2664461.5545582264,2804503.1847902513,2864338.8676480064,2238538.1913234433
620.0,2935415.379083171,3143247.0864039976,3333372.452797147,3352076.3340960843,2616891.6988268667
621.0,2712598.5696228235,2907508.121455454,3031090.27720271,3080908.903578783,2419971.7440643245
622.0,2756716.1648721034,2964188.6540741925,3089375.4161918117,3165816.243708933,2458371.2470173603
623.0,2707502.6745405635,2925478.706607554,3091837.867501688,3116600.4356434736,2415498.718750661
624.0,2448753.475145542,2630089.9109547865,2780372.5371245546,2857491.4074013955,2236357.848905413
625.0,2700139.517076622,2916843.505412626,3073066.83032871,3249351.171284727,2397993.0878434745
626.0,2370160.629259102,2636986.8209659364,2785316.1401015534,3066224.09422785,2166518.66593223
627.0,2612313.8561963704,2726247.027706017,2796093.953781569,2898521.563969668,2273076.5212811264
628.0,2585624.4076727815,2736064.3550385237,2910488.7106231824,3032420.6403911104,2275836.498406546
629.0,2786194.511025599,2941179.691748913,3113664.558080487,3177227.9485666044,2498388.2220852226
630.0,2727829.021400334,2931801.218470283,3142176.1319468487,3241837.132314911,2466351.2392127505
631.0,2597026.2530417335,2750023.589190329,2875559.7378929793,2972922.139210982,2234502.8494365104
632.0,2284994.417922572,2515736.8447259567,2698248.9926038356,2866926.1515899426,2027105.3533143543
633.0,2431538.3742848984,2597169.403644685,2728041.575923342,2895644.4677215647,2147973.4741111114
634.0,2899928.7877682173,3072347.3033403014,3238434.3000942296,3336541.022653914,2558049.5448088055
635.0,2471268.688812701,2677133.190277159,2805570.911800049,2975322.258347222,2216593.4732791064
636.0,2840146.781375464,3024409.5559157883,3188161.42295587,3287771.4859025334,2440073.801753042
637.0,2424987.492768639,2622479.6623257175,2744762.6264308593,2875475.8880968294,2176226.0329633555
638.0,2621384.1177917775,2781612.065777985,2934141.302041727,3047120.9299555775,2354440.1113477545
639.0,2609411.2700090865,2802132.9617425785,3006512.69679704,3158596.9044180526,2284592.951810311
640.0,2445307.8757060207,2617442.9602484647,2747115.8839528114,2852572.555141319,2146626.0190116474
641.0,2676679.7318524094,2835764.1743999375,2956882.4852811317,3136300.33310991,2380987.2893144125
642.0,2445080.256688436,2725450.751174983,2903983.0727169816,3134636.6142529915,2234907.527341526
643.0,2700663.8367290166,2850543.295340421,2940720.7743015047,3016814.70175511,2386705.94937258
644.0,2818239.33723475,2944264.1139793824,3033800.9418300292,3120093.12720116,2498099.905956817
645.0,2706761.774453454,2923305.2494980823,3081156.0904204817,3145422.46741803,2413311.6758159213
646.0,2866864.277374434,3127554.1986081856,3246466.518514677,3462361.4904134497,2547399.2531870897
647.0,2586185.246520722,2731420.0838419446,2898044.6749934154,2995947.924867889,2335254.6180709344
648.0,2724214.684038038,2909352.4063217407,3062306.6683190693,3284110.242795615,2392496.620165662
649.0,2392178.5650242018,2657946.6651200335,2803624.222432397,2928539.033900387,2122604.7953010695
650.0,2780054.4235308166,2949168.9781569573,3133716.8574784393,3238617.774031177,2513448.337312
651.0,2478425.7433516537,2778642.0185971353,2950426.8978619548,3251724.942801953,2182088.463956097
652.0,2605548.37905617,2714212.412973264,2796351.404560994,2867520.080220265,2328720.4525323953
653.0,2850047.4132272117,3047775.8302834653,3254263.634394224,3441068.408153959,2545962.3707918376
654.0,2885201.435854252,3094460.0719236215,3233608.9146099035,3401036.0949206753,2535722.0890780888
655.0,2773469.6419604896,2926285.5986183845,3045874.647275931,3097938.0700777667,2498159.9272445394
656.0,2613597.7676736843,2817830.226511212,2974943.92251294,3170279.4531516037,2295204.3940350683
657.0,2610676.5472787744,2849327.137499473,2953921.201218688,3128180.8252577367,2283615.419990016
658.0,2487587.0918597933,2759532.490245102,2938432.1801376347,3156062.9688754412,2273289.5002407865
659.0,2849107.749603996,3027624.090967012,3144807.5394692034,3273669.943263733,2481337.3749682503
660.0,2573442.696178945,2800112.6221650178,3036180.0839500176,3116884.355492899,2241863.9712937945
661.0,2835156.171145084,3001172.689390653,3152194.3694831165,3229174.805782516,2524377.933833176
662.0,2513257.489924145,2689829.899547159,2821713.0401082723,2968080.812992031,2146448.4519233103
663.0,2668210.884631959,2832718.4147669943,2961156.758077944,3013033.196638018,2400284.391330986
664.0,2471592.1210094015,2611329.030017916,2705730.9254865036,2792146.693864462,2210195.890869158
665.0,2761778.9866263587,2899269.033353689,3044915.0371894594,3133992.4793420318,2437061.18794189
666.0,2639577.4428137057,2838981.6257706094,2983821.7078841324,3183528.216715504,2259809.8337544026
667.0,2676669.8320155605,2837689.4821156734,2937209.840337009,3029702.9346124064,2415244.2610326484
668.0,2670141.939865077,2900236.6015288597,2999593.515757295,3252056.5554022836,2340998.988354873
669.0,2801308.898557419,3078384.723858964,3267250.670768298,3384193.9594626604,2493217.417604369
670.0,2681572.5044408063,2858509.1849199156,2979450.696270871,3146826.136980175,2407621.1145216213
671.0,2554880.750928018,2801107.2462733095,2954052.2472973038,3075358.7996416953,2293568.65314428
672.0,2620850.177584489,2748900.5647904053,2857290.1374264434,2959415.746519709,2262185.9113113405
673.0,2389757.091187886,2587146.291135083,2716366.3894091314,2850741.744773717,2154372.9571175086
674.0,2766317.700498207,2996030.0442624963,3098010.428146473,3269595.578828585,2462487.5738265505
675.0,2598644.9343734905,2787790.506640459,3024673.5076545794,3117362.170156867,2279081.2258718205
676.0,2793164.541200107,2979402.0597892366,3112754.8745348994,3318750.2122217347,2457818.868058391
677.0,2754442.99607324,2924812.004720202,3065394.020384691,3080537.5148855573,2460856.4441556935
678.0,2661787.9833338954,2878313.477747709,3042852.2595262323,3174079.03867577,2297488.606473833
679.0,2410316.231554977,2626365.0536183123,2811791.38852257,3066773.3715336923,2156234.9208102543
680.0,2847262.2922070227,3027715.7892425223,3212947.78321937,3322827.1636443376,2509277.544603587
681.0,2408550.903077264,2568425.868405664,2700755.9242256884,2890094.932892121,2129141.358826307
682.0,2838901.5555884456,3032397.3700241586,3148660.052405437,3297300.190026699,2500808.7878513075
683.0,2601483.284153339,2764238.8214543043,2994404.1996703437,3104741.7869551964,2217246.934898557
684.0,2792670.660816197,2932273.099651651,3006539.8986671083,3109727.9497665847,2475647.376016564
685.0,2823616.8428098722,3000848.1640861677,3206328.819094652,3288774.3422483373,2422407.7364866496
686.0,2647839.4612797303,2818807.5009359275,2969603.185328843,3088851.276817159,2374426.2314801095
687.0,2429575.3527713525,2647816.4787042695,2779614.9920675997,2950822.068730969,2178336.9416744043
688.0,2509401.6503738756,2778539.1919538435,2927126.9968867055,3158299.2777007413,2183258.302006315
689.0,2503854.6291451985,2728164.938837728,2938815.9899236243,3089332.197968313,2186235.8402959974
690.0,2627390.6466775034,2846674.1695927256,3021041.7861928577,3204552.8314256016,2329220.610514929
691.0,2579791.5310809077,2699735.6955218324,2825549.527873781,2895875.3552118544,2302248.8925196207
692.0,2805179.101830046,2938730.7870193175,3081938.024249523,3143247.2015017276,2483042.6903340938
693.0,2495037.9760479634,2694205.000161173,2859935.527388205,2976183.4882172607,2183425.7629591012
694.0,2545611.941257294,2772025.103666881,2873078.3555251434,3059872.169212524,2263295.951146978
695.0,2800542.105584119,2935722.922355515,3128871.883118443,3228954.7531875973,2418310.390572873
696.0,2653000.2830513925,2827920.996019502,2926793.444878457,3005787.9898732374,2312900.5455093225
697.0,2780866.8513505664,2908842.9236848727,3007226.993335475,3080237.8197752577,2487040.344383634
698.0,2346753.669828437,2554869.580860334,2732333.553423343,2900753.6639517928,2099511.7866843776
699.0,2649021.0611889986,2774685.3708065846,2840391.0145470677,2940278.989206185,2352161.720090743
700.0,2482152.8455823134,2658643.597559207,2767485.6231771065,2893076.5930640833,2184108.9842354245
701.0,2668945.475811149,2798944.938845081,2907409.837290815,3019142.808385103,2306289.01105251
702.0,2504944.105846847,2667345.693673532,2822475.4479522025,2980791.207017218,2221579.9233991443
703.0,2521001.3761269166,2748920.0447214385,2886768.4013521797,3116845.36055661,2199929.9825714496
704.0,2908813.8450887236,3120074.809850633,3284709.645841252,3331400.054497605,2589801.9997335477
705.0,2368579.7826993004,2603238.597025894,2767052.3880956043,3002187.859498873,2154479.4555706247
706.0,2719624.454069435,2911892.162290807,3034119.001437225,3195453.6245283294,2358954.4112888267
707.0,2723557.9352139705,2887152.1351782037,3019292.3198433626,3174963.8888163506,2398368.297644312
708.0,2697644.324068588,2857464.3276944393,2986689.739638857,3111815.249976553,2420450.3932596915
709.0,2835083.1648806636,3013101.36271885,3207272.4671660657,3260237.5267229485,2467476.5718736015
710.0,2787204.4036114793,3018604.2357653137,3179309.001182048,3443632.179227124,2402757.625291957
711.0,2707089.6914640255,2843045.6337931054,2933704.73671828,3005063.6113288,2282084.177728564
712.0,2838232.536707079,3049825.8242703904,3207895.9186174977,3286885.6065402017,2528856.452944939
713.0,2724284.57510531,2905148.2433685097,3050884.5226087323,3148704.3869533124,2323047.722582778
714.0,2820862.912275892,3037146.3538938053,3172127.465364445,3336418.8910964467,2536239.65761786
715.0,2587901.476665771,2813200.1025382536,2932043.5779138566,3175820.31453575,2319748.940911388
716.0,2565383.1015330693,2717285.190549716,2826317.3900254285,2852111.552559822,2313467.0291363234
717.0,2659768.950007249,2852522.667311769,3013985.498105948,3012836.5422633314,2374683.4006826826
718.0,2402506.5580900335,2558612.876569039,2679124.5301393606,2797926.7153702434,2113074.3425208125
719.0,2654797.6737388954,2830337.1430811724,2965611.2920939666,3155550.401436359,2364471.0786094787
720.0,2952951.2355060135,3170516.2962791733,3352625.2096616025,3410912.456170176,2597100.1678348393
721.0,2753398.8457876956,3010712.5714508374,3118100.3848075923,3321767.546135381,2446123.3694372503
722.0,2591775.8928837683,2743760.215962727,2886873.507813822,2981608.0881747287,2319262.9101547212
723.0,2760713.647814257,2919506.870589167,3071687.071071782,3164934.933845204,2437821.9139497583
724.0,2438741.5618959595,2627204.616266941,2769168.287365337,3001027.620855926,2179917.231865007
725.0,2617309.643182052,2760087.3424758366,2948055.7218968417,3022111.146451191,2306604.240043364
726.0,2601171.238578782,2876422.948512971,3059173.98010195,3250083.749203736,2308247.06842196
727.0,2633390.0898170094,2825879.3264585445,3069859.8622819944,3154402.462580842,2305279.1241208888
728.0,2706902.3312601084,2899517.235757854,3064839.8143911376,3219491.875883216,2421953.591243168
729.0,2863832.914014694,3055826.4446645854,3239867.881845317,3347612.1493790857,2517428.0726592406
730.0,2539838.7797601107,2736866.7002403405,2910147.9404121605,3047651.227303199,2174449.5411104048
731.0,2800154.2023346843,2980910.4248128682,3116770.556040395,3255895.6722904686,2465201.148977466
732.0,2666586.760812526,2804209.8441272047,2917827.6385981934,2955709.3683748157,2331514.871431026
733.0,2401040.7839318407,2550426.0452140523,2675998.6203392767,2851005.435931132,2049585.7722544025
734.0,2618564.475072569,2833100.6555553223,3022776.964985439,3204811.9111947184,2338444.5283949864
735.0,2831512.5095598046,3045873.4581782697,3256244.598238858,3317959.4381357315,2520626.4152021627
736.0,2529264.812797437,2787984.5601400775,2956299.833315394,3225264.452125456,2240301.283146942
737.0,2584944.75265789,2801157.1776222955,2940903.5822707694,3093369.380013779,2296319.252030376
738.0,2475874.967416235,2687027.7734061684,2853363.5027792132,3016740.137203731,2159814.286628438
739.0,2668576.216770693,2889446.7467081994,2995588.3927540565,3154728.3284158283,2373877.88833487
740.0,2666157.1510856384,2817324.8452512296,2963183.1006490486,3014318.982025944,2385506.661780655
741.0,2679583.396313698,2832585.744882231,2925981.4449399454,3058469.465246053,2403274.3513704212
742.0,2658408.085921785,2807752.4049537852,2915814.5546717555,3004472.76599743,2393416.49536965
743.0,2557552.525613275,2755227.7161852303,2920783.1480003716,3133651.5660393774,2244593.520887092
744.0,2613806.739133354,2832828.5763503634,3029324.675029739,3200442.748945178,2285899.3446781226
745.0,2739102.670045213,2921247.871779885,3099905.5359822838,3379344.0243051928,2438092.1830443596
746.0,2720040.563100277,2881656.1083846255,3049186.1611502883,3140634.413367792,2435608.78563399
747.0,2832919.4878080194,3022301.248808811,3168422.2983894814,3258473.3428694196,2525600.7999583865
748.0,2658091.0313913343,2895456.613253843,3130577.2403435092,3314975.262674895,2314844.315966124
749.0,2745825.456572998,2932153.4168557706,3085644.495596364,3126365.113648581,2470880.7518726843
750.0,2831034.365159803,3030111.340366503,3241733.399968646,3292208.5674926885,2548533.3714192463
751.0,2705719.6847796068,2822033.430152036,2904422.49657455,3011556.528200203,2399058.942711515
752.0,2714798.1941917245,2850266.672198507,2962273.93208716,3041389.49690235,2434744.9272269094
753.0,2995745.383983075,3185053.3431782047,3382044.0485993857,3464289.357120363,2640070.5452517252
754.0,2804177.4885421856,3045210.154003827,3209211.6366317724,3335465.446653931,2496224.233984845
755.0,2703985.705330492,2927645.0976398652,3122797.7721471833,3229627.2464854373,2368944.878044166
756.0,2603248.097185887,2755221.801638944,2897350.6792749874,2943129.125217341,2297664.1504646065
757.0,2650743.136751627,2843023.8891262924,2975568.661650705,3010502.54110567,2412859.2735380563
758.0,2943800.6829797993,3163823.5505565326,3414157.261456659,3466400.334045666,2614783.80357427
759.0,2725665.7136585345,2959178.7094541644,3164570.639821497,3216829.7330086627,2426880.2517863153
760.0,2605437.4266389306,2720644.205015966,2804338.1623591366,2881493.1269446127,2322859.0526843774
761.0,2527208.011900388,2762345.0503511145,2941675.7474089004,3120039.1689032097,2301085.612755008
762.0,2530388.7419620543,2647765.9784826017,2775336.622076287,2848069.259462579,2239861.9320336776
763.0,2644497.2105191434,2896268.6237360886,3047404.1601274605,3311027.735023655,2315107.2061637947
764.0,2634378.480748878,2821338.906805977,2944117.519277127,3014917.713941083,2318463.09857287
765.0,2689315.0826203017,2930995.995846003,3077207.1455007233,3325232.238970849,2414315.5650739917
766.0,2675846.7677314314,2870969.5626458847,3127558.331554602,3251077.395774341,2340673.99990038
767.0,2639785.382691302,2905952.46312097,3053810.061866672,3245729.8516071965,2344415.8656252255
768.0,2688967.7831216906,2841850.3735063164,2938039.175103854,3052936.2182897152,2375074.5061535668
769.0,2606995.9074833696,2715480.704919816,2803143.675869248,2902116.487226088,2312554.8176807505
770.0,2608179.473693959,2887657.281617166,3060329.5007489254,3296817.7498348374,2312828.346838071
771.0,2525722.375449732,2709346.8303716304,2886705.039515902,2979512.8854128714,2214525.3052766044
772.0,2640898.124651783,2825442.9577786415,3030895.005041548,3042828.9913731166,2392605.2284796326
773.0,2602040.817006836,2750789.1692537377,2848498.8237984763,2960493.470231961,2342172.0717201373
774.0,2914760.1954071214,3152159.8436859534,3342816.0795651334,3432516.2772655454,2593547.593330968
775.0,2976786.7832820937,3173555.849940943,3329043.752982722,3427350.480061664,2589024.9393847003
776.0,2883257.722649798,3106518.233334361,3312683.4138444187,3353220.261629464,2569686.0646049543
777.0,2618030.046033576,2771191.9631492826,2852169.918079716,2963049.3127990137,2315172.97218106
778.0,2573574.342973456,2735345.5973387756,2856976.9035089244,2934338.028363404,2293361.003851632
779.0,2766631.9774265564,2971627.907797071,3136387.995525014,3185550.2917455775,2465735.118581572
780.0,2646691.717821526,2806032.3384668543,2911637.684986453,2992550.022429655,2388989.1214214657
781.0,2704066.4951091353,2895981.4457424423,3000334.803489973,3135084.6453710413,2408396.623706495
782.0,2616268.162252701,2863976.535439684,3066639.7978254226,3256109.201179138,2340750.8825942054
783.0,2505190.5160436346,2672786.281341602,2809739.699992996,3023665.1554385982,2143542.0033899033
784.0,2590242.3330386616,2768163.72879056,2959144.0713188294,2993770.0169373103,2316113.2499858118
785.0,2674688.635403583,2851529.6805216447,2967189.0826400174,3109608.757163762,2405457.2748654024
786.0,2541234.2915506624,2756822.361479014,2892679.9444853486,3067836.2212934666,2274093.4773924877
787.0,2702839.597029305,2950526.3060075245,3105558.7118418124,3321573.133206405,2424958.4979635626
788.0,2602593.939428239,2767932.134601811,2901774.8663094724,2991913.46892505,2294605.470128662
789.0,2729284.2233725614,2882206.818456396,2970084.1263757315,3078252.7988035944,2459824.5364837395
790.0,2791604.9660377516,3010883.589677789,3100284.055609356,3267135.5650875326,2485089.3551010797
791.0,2979595.7693675584,3170188.775876257,3368619.0710757873,3446867.6407014388,2622538.1102166865
792.0,2715693.814974972,2882273.5628784215,2982024.7385110897,3046930.2212039116,2464788.832190592
793.0,2889583.70031005,3076503.1791274333,3244532.2087699105,3293736.8074299484,2427725.903023012
794.0,2668408.438453369,2879655.5467763697,3040602.285035118,3261501.8299765973,2319417.4883307973
795.0,2682058.2060949137,2890397.8679379807,3064861.4505551923,3188123.9938528948,2412744.561696576
796.0,2726986.89628892,2842331.349401401,2918742.4925523577,2966114.658890948,2460506.724465681
797.0,2539691.5063411226,2721009.283251022,2835513.0855529928,2966446.7406348987,2286000.790640932
798.0,2803480.8122723503,3071693.4941756697,3272651.185980336,3378332.484520391,2493741.6856995863
799.0,2672481.7183016404,2938443.965495681,3120667.4900896894,3390049.377834887,2430421.636961222
800.0,2516615.2781016836,2709227.635500241,2813032.4070611317,2969077.7113322476,2281501.1903612083
801.0,2787580.678176421,2954748.299164886,3060593.3740863744,3230995.8957037283,2455993.48770577
802.0,2639851.9783665743,2805373.516913688,2914173.9821678395,3053693.3782810625,2327607.6013118904
803.0,2895262.1890970836,3107732.8717028326,3240679.987235435,3333941.2668250618,2637454.2758682114
804.0,2865496.5510868817,3055405.841605843,3199937.2056329027,3326490.5757474746,2491371.2087506787
805.0,2604168.6409874484,2839104.8543038163,3051933.2091162787,3217919.6216783244,2331139.7924324865
806.0,2656874.1321111633,2881786.655648835,3092768.0129516292,3271785.714471169,2380405.1934064943
807.0,2832284.232518708,2998140.362388373,3145980.5897151222,3237810.8006961364,2547941.3850480346
808.0,2665824.4374328405,2802402.0802862886,2953377.870831103,3039733.290791876,2243926.4061754025
809.0,2573386.674941038,2759784.043491717,2901903.903937147,3036529.907443869,2324415.098337403
810.0,2876937.1237184564,3077385.7952359477,3206385.332782328,3373296.6665364057,2585959.2200978315
811.0,2633279.881240392,2860809.522011426,2987706.840815047,3091285.171111107,2366239.7765811197
812.0,2612276.4774432527,2761973.6575214346,2871365.521624258,2972581.867618422,2342324.247014242
813.0,2625425.9977427544,2779566.5087792706,2899583.220352998,2964665.444087046,2376465.373705662
814.0,2575870.2105704816,2696219.5591718666,2806125.623708881,2882420.3624464087,2309823.4256767365
815.0,2768713.394162098,3039515.540379627,3209200.1093882737,3357706.9702450824,2487595.8042303403
816.0,2663857.1282773614,2795037.985090487,2889158.060980197,2986222.2400021073,2393091.433227393
817.0,2550533.983672061,2808223.412439728,3019217.8142990298,3096363.571452772,2221645.695192118
818.0,2779600.3757971437,3078310.9384074644,3259866.8028480606,3515582.5038615684,2465842.3221730394
819.0,2575368.7111150427,2789662.898838023,2930612.5845502745,3218970.823492271,2200878.7352001653
820.0,2952493.421592644,3114005.277364443,3302193.94199108,3412747.344312499,2547328.10109467
821.0,2572717.0051912474,2756245.2514799773,2891436.9752781,3000446.5847707153,2291794.6861688127
822.0,2874004.2046139454,3085947.909873229,3266407.915139875,3474542.926742753,2565810.284152815
823.0,2856511.061240549,3006849.8596090185,3196452.3989944174,3299886.062087129,2537398.6233118367
824.0,2666184.116778906,2868889.4537888644,3022552.2583637517,3138737.121968021,2337535.8306803014
825.0,2653617.527517285,2875593.509508088,2997185.7054075473,3244370.7650675024,2325610.164704103
826.0,2606693.728828873,2858451.643713152,3027069.294560537,3260690.8499430646,2270659.021862887
827.0,2863079.11956749,3028225.3646201408,3204454.313945037,3261935.470194581,2556801.667329346
828.0,2450855.0582833993,2630631.219640319,2785077.5374881974,2926815.4681947883,2148418.8122011675
829.0,2409532.3025000985,2542744.254949127,2696224.9599749157,2781108.998854518,2141483.6536496556
830.0,2525017.6784587796,2707561.3844950697,2824434.2915142807,2949218.9616998113,2192228.6094567347
831.0,2696502.7785941595,2870558.200617348,3033711.799183253,3085403.703691977,2375234.130914095
832.0,2512918.156340822,2714499.13382915,2895735.134757822,3081545.878817694,2253984.268379579
833.0,2825690.367080608,2990984.328245925,3195731.392106492,3263527.1506862696,2536298.774010139
834.0,2611918.828568447,2742700.6023612283,2860925.426611055,2967368.915968896,2333987.180610429
835.0,2809410.379243376,3043605.1040142947,3227006.553865232,3420749.7053417573,2548275.8383009927
836.0,2469626.756629744,2703265.9793789336,2916645.5825362056,3151487.0204862133,2223084.0361164375
837.0,2510425.859820602,2731585.110752894,2859323.179454388,3000906.087971544,2192758.7579831053
838.0,2663113.397517239,2862337.542305428,3052270.4862150257,3257266.9951601494,2375450.719474447
839.0,2789506.0818116195,2945598.9347820054,3063209.659207325,3145017.216944821,2434359.085572453
840.0,2631008.949893444,2839372.286748509,3027851.3527711835,3148961.462696294,2306483.2991130766
841.0,2724222.5055162846,2873707.941296889,2989658.3856875394,3129629.9967854447,2404121.3583925324
842.0,2766652.112721132,3005841.9021513723,3120412.3623083327,3346370.3038886655,2520743.4250633135
843.0,2437059.6511559985,2669635.1129319896,2851113.753037248,3005096.4920489695,2155658.723780204
844.0,2570091.8300428074,2782068.4110114137,2978355.9394826177,3102961.6819119817,2300943.989880555
845.0,2359050.714971343,2561302.279862732,2730062.047532489,2829834.545182426,2144501.375134256
846.0,2400623.735456488,2679422.816912599,2851448.903509498,3026530.54947531,2151030.9206756507
847.0,2834141.910375854,3034987.1661370913,3267987.1062797634,3351411.576914923,2533047.5890147747
848.0,2740640.9488102645,2922190.496422254,3058618.197685358,3094569.3387200627,2465767.4701089165
849.0,2624149.5338786473,2719765.5586523856,2801843.808545126,2900868.338688793,2283574.5691241384
850.0,2901886.530428115,3062141.712799526,3235792.9873781097,3338947.489604411,2560474.266021399
851.0,2565270.965723795,2822325.9417885165,3014469.560018279,3194593.1230388186,2300235.6241390547
852.0,2780770.5606007627,3002051.802374724,3178855.608397445,3188433.0783709483,2533942.247169701
853.0,2730149.2926121135,2847189.9435212594,2961664.1430618633,3102095.835107325,2365985.074126728
854.0,2624451.5900543504,2836888.0817663837,2986738.603362509,3224189.7268376616,2340746.9765495146
855.0,2686323.2982802363,2888319.290339022,3067047.868237138,3139521.0842417753,2438447.6343558673
856.0,2360885.35055308,2584966.3756244066,2704183.821045657,2894360.5729984306,2059799.509196402
857.0,2771044.924952102,2941145.202716396,3063280.9834244684,3118663.705886435,2481121.825965795
858.0,2645180.63458227,2894656.169419143,3119523.819074471,3256087.8208194366,2367773.042718958
859.0,2580012.798896024,2756977.7841815413,2879642.761910496,3018162.6845045993,2320169.979774989
860.0,2621001.4285720563,2895849.799199525,3076227.6612619273,3330113.670939167,2324201.6073992066
861.0,2598027.5346791404,2829228.0937693384,2988674.083143993,3188264.3855602774,2351611.6837510373
862.0,2813896.8799789,2990123.6094792653,3151910.2082684734,3238186.9659081213,2533664.37624772
863.0,2545319.336320771,2759849.637339953,2925833.0922758775,3101138.0473546893,2298502.1216609697
864.0,2866768.490674308,3096765.5052243695,3264121.9007699573,3370139.564061579,2611527.84722976
865.0,2665210.850076273,2787675.6756096124,2875515.8390456117,2977311.518291308,2390756.2918752832
866.0,2604033.148182816,2839035.232958666,3000967.5575839,3084750.3997525955,2377394.6815013033
867.0,2772284.094846654,3044749.3647358753,3214663.0481772097,3306137.5434592897,2532582.6673029927
868.0,2608838.2990472107,2889749.056041773,3079919.885551232,3304808.61978898,2376784.484739077
869.0,2641558.206628691,2861730.5580962524,3021909.247681058,3139425.4595172713,2369057.3767226627
870.0,2576807.770153802,2793868.4997400315,3005393.4030378796,3133269.8425480938,2251365.755060107
871.0,2492765.2549559167,2715447.331945796,2898969.9931240673,3105992.065050451,2240706.164427998
872.0,2796093.932619374,3010097.6893034745,3196061.9854292003,3322655.4043774847,2505127.692269995
873.0,2534301.840532283,2684685.3352202373,2867574.30752954,2959915.802545924,2224133.8685448323
874.0,2411641.521654023,2630590.6495878925,2781469.3155674175,2893009.400508009,2167550.8619524417
875.0,2540155.360102828,2839062.5882069455,3006462.2751849922,3251348.0048857294,2321556.091366627
876.0,2580112.0899414145,2781741.6800762666,2912194.4685800383,3037100.6319991252,2262522.5480353525
877.0,2609930.580609643,2769146.3926644376,2928770.4263428287,2991785.54222048,2344928.3977775224
878.0,2633536.650789072,2815912.690017468,2987315.4191627754,3138570.7880451432,2313161.5748394
879.0,2766066.6244626446,2956501.8453226388,3092194.137763141,3179529.0716463537,2485061.678903997
880.0,2555517.4861889426,2676896.473292559,2853383.522704152,2922880.782796339,2268194.9240654623
881.0,2482700.4796369825,2669899.2094329135,2808896.7425935487,2895482.6177699836,2232562.0479156626
882.0,2671503.831134373,2825370.6795859984,2919533.470907269,3028748.782107099,2405353.9355569673
883.0,2484151.1387797887,2649554.462768711,2792583.1326762033,2863288.471097728,2181553.102413533
884.0,2647453.352613558,2766306.2156873336,2857093.0887541203,2955639.6791034197,2365389.185725392
885.0,2463647.087360341,2651502.067284914,2776503.0453234497,2881547.180461396,2164392.4761450025
886.0,2652851.4822258516,2770606.7227753624,2847460.9878450097,2934025.8705763146,2306393.1769353664
887.0,2913322.792226762,3059952.408390589,3194217.035268106,3251243.8793284725,2610738.0391654796
888.0,2800383.3134124773,2942944.337996077,3067671.8389305403,3121047.569525418,2512728.5296705733
889.0,2436469.2159402245,2589044.481385708,2727010.7554641617,2899272.702872959,2086069.1662101056
890.0,2754836.456348976,2953307.9178915992,3063221.2432937813,3245283.697281263,2390885.386410534
891.0,2568513.0336227086,2755722.9557046294,2924128.504708941,3083170.9036221337,2255366.202357384
892.0,2776768.3020684114,2946614.8534880183,3049197.6203381787,3128231.635560616,2497208.069500742
893.0,2736215.371016086,2889521.2518960987,3002678.706602411,3092993.000140653,2453802.709340577
894.0,2563148.755195879,2805166.63467686,2980444.9696893096,3118344.2006557533,2335727.605739824
895.0,2636471.96263218,2844525.1990026874,2986873.433823469,3074710.2501393617,2406513.228773518
896.0,2642973.122127725,2816491.9335960727,2955774.3108650707,3129985.721750548,2356362.6301167994
897.0,2773877.565460581,2977125.2574685263,3065376.260752581,3202976.505140349,2506662.5120149464
898.0,2694338.811336799,2933266.5194706223,3041933.033895911,3210815.486484292,2397298.129533295
899.0,2632651.0165539067,2811154.29819787,2972218.506965443,3041655.2970413202,2388312.5770741594
900.0,2499828.84552333,2736173.0438368544,2895922.4177278043,3063576.3709956007,2178262.05498371
901.0,2776630.027260057,2976541.5125007,3094733.5414884477,3286893.8897272176,2465661.834631436
902.0,2596597.110895833,2725875.795908425,2806550.325644016,2892761.0872184467,2299147.4900942794
903.0,2509401.290575189,2657673.330306024,2796460.6894856594,2889908.169782642,2180167.8970961645
904.0,2931826.7677192646,3157469.8180965413,3328052.219891725,3446716.674025727,2627700.209003069
905.0,2574780.637288446,2747722.7470022384,2845791.3264229978,2963900.1178781735,2263907.526310542
906.0,2681146.2546120193,2853009.4331292985,3037079.151005339,3148950.12352984,2360761.976124433
907.0,2478786.6211330225,2697676.110481849,2825932.3457917287,3024227.4190374357,2224816.0787022253
908.0,2775235.6082464666,2985905.572933551,3119223.0635892656,3321410.140895362,2465292.437492856
909.0,2594624.0993074216,2782058.262150263,2904433.053916772,3077839.7483435646,2302628.136231975
910.0,2561057.0879502785,2702607.89022945,2841233.18261699,2928657.8862030534,2262352.898633133
911.0,2776018.340274908,3032766.862417404,3222988.7391015836,3363979.8350817277,2468477.0710966615
912.0,2838143.9724869374,3003557.9482960342,3127993.5760962237,3287591.554620869,2501045.62422278
913.0,2620017.1140952315,2749049.68296225,2825323.8734354232,2934094.0124801453,2322297.238211534
914.0,2699897.047459162,2831800.8478040816,2947221.5914209993,3031273.836860166,2412092.667225052
915.0,2609919.193210798,2739376.9822133225,2874801.6962019866,2937448.3932808004,2337677.537341538
916.0,2836955.399022575,2982396.8770633386,3140053.369244586,3161966.5570046995,2530039.6659247214
917.0,3067727.8431322486,3289251.1267826916,3407439.0281480057,3586647.9562218045,2751199.6244212235
918.0,2949829.220531431,3161557.068203568,3278528.313957045,3507475.6118876995,2631518.0062533817
919.0,2640999.1159476493,2900698.456733722,3108667.951674724,3330013.929232334,2300690.757538509
920.0,2551550.4454974704,2765866.4419086245,2934665.0858364594,3023602.480868267,2321979.7935438235
921.0,2542576.372423763,2705991.218742047,2887128.0981576378,2977738.3480127933,2173626.738414155
922.0,2698508.026690915,2868874.254941233,2963468.8315727455,3021004.019199724,2354339.0112264697
923.0,2889782.022339201,3080668.5360050513,3198009.3613675875,3404903.436257929,2594378.509808554
924.0,2511530.019032608,2785906.598994507,2983799.465207121,3200379.4156606738,2288272.5037218304
925.0,2974314.494076213,3255345.2628011787,3476658.405544071,3577941.0007296414,2700131.3707004446
926.0,2762090.323186266,2956944.150610169,3098420.20464137,3193306.0769962077,2475440.814396819
927.0,2508084.7917741025,2723936.890207323,2860060.6986757233,2997517.0916692615,2254553.9804369095
928.0,2418116.706222347,2621918.3668283615,2832633.415070788,3005972.329968106,2162258.0205534385
929.0,2530745.78913364,2732426.3241420663,2819059.384587096,3003355.790647763,2292652.9117138465
930.0,2836619.929390628,3005296.60106083,3145831.0292120595,3267473.742277881,2536784.1054478753
931.0,2745109.642187301,2908883.760328997,3005180.9542245013,3099866.6818669047,2401245.9594030143
932.0,2693351.0525582233,2897148.985595237,3143579.103591421,3354795.5730692954,2353461.915506056
933.0,2521057.380838774,2624462.1894982955,2715368.6933594598,2738797.7206655117,2266538.153288286
934.0,2760741.367427133,2920199.8763582516,3052808.736857407,3296567.029289291,2450966.4819422676
935.0,2548268.6143747666,2795461.9920367277,3016207.353227815,3182322.8169547706,2276486.595272114
936.0,2576066.314912205,2744119.010338632,2896394.8822275638,2997891.3697374277,2306230.294103618
937.0,2602267.835481202,2737837.6972711007,2828221.4542487026,2921610.1992494934,2300556.6727555483
938.0,2366611.379049201,2540428.9027155754,2696992.1355180666,2827939.06338777,2119169.240500551
939.0,2645116.979863822,2825256.775394184,2985332.7292196155,3062993.093041454,2370773.748925655
940.0,2552753.6536585274,2779512.990536752,2979025.3735726764,3112086.528606826,2299298.936786011
941.0,2506812.1048243586,2705612.431080067,2951723.314644249,3105064.9451180547,2188813.5578275467
942.0,2349215.7619488616,2550294.258896387,2677694.520103812,2827266.1895046695,2108312.525847695
943.0,2796049.530574588,3024105.2790494626,3192840.5038002618,3282816.825947701,2489361.467689537
944.0,2789813.5798712163,3004412.1361009986,3094522.4185863934,3307128.560815597,2453778.3352324595
945.0,2694086.101254991,2873477.7367771277,3012699.5462191687,3173659.523420319,2368574.666809062
946.0,2533221.7919001016,2824921.006589926,2936934.7781797727,3164495.387882005,2268815.393382632
947.0,2899630.5029988843,3142854.7978659444,3356061.473371486,3398374.2821348426,2582400.020337876
948.0,2826325.0640713815,3028600.3060832303,3172262.2849012953,3379832.6737852525,2479987.260875806
949.0,2886865.7687463425,3089056.9995662705,3273761.6372531303,3380242.056293826,2538200.5278948466
950.0,2585665.831990695,2767211.7993559814,2867238.0781255346,3036739.6730151447,2321554.2643566485
951.0,2396323.4036055626,2650020.0863962094,2823694.5893701655,3009583.726183846,2205645.5363751696
952.0,2606457.0699565583,2739666.6745440043,2853876.279768767,2998794.761398813,2302266.1445368202
953.0,2431360.7181046614,2640628.097700727,2809289.9196071867,2968192.7009020527,2077367.2613255323
954.0,2811531.7250571596,3008110.7778672627,3177931.284449686,3261967.9389270674,2476232.104258689
955.0,2830886.935737741,2970389.064769896,3085661.258067718,3206678.5801468985,2514330.7638345486
956.0,2880116.7627102546,3010622.798616878,3092535.5651398087,3204166.578110195,2554092.045894346
957.0,2673177.858194915,2784796.0348094753,2869356.445977741,2955459.5109863896,2398006.809167455
958.0,2383129.9898534627,2551998.4010801874,2737117.6207550033,2884189.953356955,2125765.265618886
959.0,2752650.4797783336,2992955.579091144,3156914.927076998,3336465.1621461445,2410766.555872338
960.0,2892827.012670716,3086033.252071102,3226479.270449654,3309762.551347588,2604345.170755601
961.0,2715918.350407616,2884844.19288029,3068311.8891493594,3157294.4945125272,2427955.3216020158
962.0,2988116.6008353424,3192127.3588080653,3343866.4608494425,3525109.730983923,2671656.934976491
963.0,2794437.7630356364,3043388.1554430826,3237164.387427564,3267701.1946819625,2489594.9537667567
964.0,2599687.396010003,2756332.42014874,2928629.622979164,3015248.0249340157,2228362.871184695
965.0,2500951.0584791773,2736594.3633535095,2927673.8362634177,3090154.614435851,2180060.4076312203
966.0,2860427.400487657,3061599.314641931,3206214.5500442716,3315096.7968947412,2571194.2150314786
967.0,2509287.063554322,2685018.255832402,2835600.6484774086,2944954.262966078,2240439.8901824914
968.0,2654753.345751065,2829158.481725002,2988093.600561513,3095010.604057129,2331377.1857533683
969.0,2740847.4660235057,2920818.1378151546,3035565.619562759,3234455.148627531,2375575.2542986018
970.0,2632740.2888636286,2844594.4225873225,3019839.83201518,3247409.1434725057,2348921.455225168
971.0,2412141.3116913904,2613042.4238297627,2794816.7994065583,2902972.082929038,2176921.153122448
972.0,2471228.513945531,2602062.0333768064,2715294.856758285,2784181.422197127,2206148.7015493806
973.0,2819196.639514881,3022522.888766049,3170003.241408562,3337737.9897724884,2482386.4484969364
974.0,2945757.633786514,3107744.7601042013,3279067.655317116,3388530.21054701,2599146.129877027
975.0,2506475.594342082,2685821.557372241,2817455.3716403707,2908861.270135535,2283241.7058152654
976.0,2615305.2153251674,2792332.6022622157,2967169.1207305863,3045489.615667319,2301914.788783191
977.0,2530110.5772991474,2725139.5271535567,2906787.232883377,3084634.7398602106,2280891.3625430153
978.0,2858377.5829468584,3010540.223689653,3174963.0757665737,3257357.9610801022,2568790.536384882
979.0,2672076.3387782746,2887213.876250548,3082414.1705105854,3199038.4610430244,2337959.6321428604
980.0,2876147.078878099,3007217.1387859536,3157142.939632397,3251270.728229446,2541348.6314847795
981.0,2707277.6878557396,2922153.6072780755,3025110.643254038,3229024.561004794,2373494.819758343
982.0,2437050.0733502815,2608868.9943526206,2732205.375559242,2918686.609665575,2178656.931042635
983.0,2744752.316988652,2892713.7298232536,3001275.882524948,3060775.8862433936,2477609.8914878718
984.0,2579378.2137775803,2814508.9278876237,2943920.204420402,3143173.604802957,2290121.675783358
985.0,2625167.649662741,2835957.0985975573,2980285.121437067,3058608.8510509795,2339663.064323778
986.0,2695220.5850963076,2880773.003614919,3065492.167268274,3186277.6368910423,2304422.395302978
987.0,2583414.0936731645,2713944.2121773623,2863298.912345784,2941656.565226622,2294034.01480398
988.0,2618684.35351614,2822789.032612185,3024907.9729093458,3234780.1267993166,2341075.011668554
989.0,2342048.6662944076,2540369.446764961,2704842.4471233734,2828473.6527739256,2113986.375050796
990.0,2739002.1733842427,2930743.2867046962,3108063.1447646553,3299252.7789253592,2426237.8274733885
991.0,2491562.589146605,2653467.9288323885,2813318.659760021,2958844.490304503,2229224.9453688907
992.0,2689043.953045148,2833467.3215575013,2904022.119860335,3002626.241238283,2428210.6483193804
993.0,2837488.533263778,2994463.5801055185,3181552.99525138,3342162.4054441946,2445460.452283237
994.0,2756172.681318872,2930552.4841422997,3111900.730541303,3213004.8064913526,2428313.567383882
995.0,2668470.721557363,2839970.8172283433,2944029.0122177787,2981131.98331172,2384140.63160735
996.0,2865169.033098619,3073266.513986603,3253145.17136766,3250840.2363701365,2608539.687905426
997.0,2638100.486729374,2860861.3639663877,2987041.229720842,3205817.3173983726,2324148.1983715235
998.0,2352324.2613725523,2536123.570549229,2667400.7440071604,2894885.2089708825,2107563.606946938
999.0,2706351.5521951793,2914921.963493701,3085462.4519239697,3186161.7096915613,2408996.6698224884
1000.0,2554408.2026728224,2747938.7242297176,2883831.1940799323,2993191.602674341,2319180.6401678165
